image_name,category,split,width,height,oral_cavity_area_fraction,lesion_polygon_count,flag_minimal_view,flag_refer_no_lesion,flag_combined
R-01-01,OPMD,train,4608,3456,0.61986,1,0,0,0
R-01-02,OPMD,train,4608,3456,0.85821,1,0,0,0
R-01-03,Benign,train,3456,4608,0.50996,1,0,0,0
R-02-01,Benign,train,4608,3456,0.30333,1,0,0,0
R-02-02,Benign,train,4608,3456,0.26777,1,0,0,0
R-02-03,Benign,train,4608,3456,0.45509,1,0,0,0
R-02-04,Benign,train,4608,3456,0.25489,1,0,0,0
R-02-05,Healthy,train,4608,3456,0.69876,0,0,0,0
R-02-06,Healthy,train,4608,3456,0.64055,0,0,0,0
R-02-07,Healthy,train,4608,3456,0.5513,0,0,0,0
R-02-08,Healthy,train,3456,4608,0.55014,0,0,0,0
R-03-01,Healthy,train,3456,4608,0.20297,0,1,0,0
R-03-02,Benign,train,3456,4608,0.42525,2,0,0,0
R-03-03,Benign,train,4608,3456,0.39677,1,0,0,0
R-03-04,Benign,train,4608,3456,0.34516,2,0,0,0
R-03-05,Healthy,train,4608,3456,0.55638,0,0,0,0
R-04-01,Benign,val,4608,3456,0.21402,1,1,0,0
R-04-02,Benign,val,4608,3456,0.41728,2,0,0,0
R-04-03,Healthy,val,3456,4608,0.2283,0,1,0,0
R-04-04,Healthy,val,4608,3456,0.83075,0,0,0,0
R-04-05,Healthy,val,4608,3456,0.60258,0,0,0,0
R-05-01,OCA,train,3456,4608,0.39117,1,0,0,0
R-05-02,OCA,train,4608,3456,0.15493,1,1,0,1
R-06-01,Benign,train,4608,3456,0.2847,1,0,0,0
R-06-02,Benign,train,4608,3456,0.27281,2,0,0,0
R-06-03,Benign,train,4608,3456,0.23508,2,1,0,0
R-06-04,Healthy,train,4608,3456,0.54624,0,0,0,0
R-06-05,Healthy,train,4608,3456,0.36254,0,0,0,0
R-06-06,Healthy,train,4608,3456,0.60258,0,0,0,0
R-06-07,Healthy,train,4608,3456,0.28216,0,0,0,0
R-07-01,Healthy,val,4608,3456,0.5701,0,0,0,0
R-07-02,Healthy,val,4608,3456,0.58957,0,0,0,0
R-07-03,Healthy,val,4608,3456,0.59957,0,0,0,0
R-07-04,Healthy,val,3456,4608,0.46602,0,0,0,0
R-07-05,Healthy,val,4608,3456,0.48833,0,0,0,0
R-08-01,OPMD,train,4608,3456,0.70015,1,0,0,0
R-08-02,OPMD,train,3456,4608,0.53893,2,0,0,0
R-08-03,OPMD,train,4608,3456,0.55205,1,0,0,0
R-08-04,OPMD,train,4608,3456,0.59499,2,0,0,0
R-08-05,OPMD,train,4608,3456,0.46673,1,0,0,0
R-08-06,Healthy,train,4608,3456,0.64831,0,0,0,0
R-09-01,OPMD,train,4608,3456,0.70569,1,0,0,0
R-09-02,OPMD,train,4608,3456,0.60223,1,0,0,0
R-09-03,OPMD,train,4608,3456,0.63094,1,0,0,0
R-09-04,OPMD,train,4608,3456,0.40992,1,0,0,0
R-09-05,OPMD,train,3456,4608,0.37142,1,0,0,0
R-09-06,OPMD,train,3456,4608,0.34884,1,0,0,0
R-09-07,OPMD,train,4608,3456,0.59939,1,0,0,0
R-09-08,OPMD,train,4608,3456,0.50509,1,0,0,0
R-09-09,OPMD,train,4608,3456,0.29969,1,0,0,0
R-10-01,OCA,val,4608,3456,0.47934,1,0,0,0
R-10-02,OPMD,val,4608,3456,0.60543,1,0,0,0
R-10-03,OPMD,val,3456,4608,0.23757,1,1,0,1
R-11-01,OCA,train,4608,3456,0.27692,1,0,0,0
R-11-02,Benign,train,4608,3456,0.42876,1,0,0,0
R-11-03,Benign,train,4608,3456,0.2098,1,1,0,0
R-11-04,Benign,train,3456,4608,0.37711,1,0,0,0
R-12-01,OPMD,val,4608,3456,0.33345,1,0,0,0
R-12-02,OPMD,val,4608,3456,0.50045,1,0,0,0
R-12-03,OPMD,val,4608,3456,0.63719,1,0,0,0
R-13-01,OPMD,test,4608,3456,0.64585,2,0,0,0
R-13-02,Healthy,test,4608,3456,0.44771,0,0,0,0
R-13-03,OPMD,test,4608,3456,0.58633,1,0,0,0
R-13-04,Benign,test,3456,4608,0.37038,1,0,0,0
R-14-01,Benign,val,4608,3456,0.36105,1,0,0,0
R-14-02,Healthy,val,4608,3456,0.78687,0,0,0,0
R-14-03,Healthy,val,4608,3456,0.82359,0,0,0,0
R-14-04,Healthy,val,4608,3456,0.8935,0,0,0,0
R-14-05,Healthy,val,3456,4608,0.49166,0,0,0,0
R-15-01,OPMD,train,4608,3456,0.75957,2,0,0,0
R-15-02,OPMD,train,4608,3456,0.65408,1,0,0,0
R-15-03,OPMD,train,4608,3456,0.40707,2,0,0,0
R-15-04,Healthy,train,3456,4608,0.30246,0,0,0,0
R-16-01,OPMD,test,3456,4608,0.48669,2,0,0,0
R-16-02,OPMD,test,4608,3456,0.83698,2,0,0,0
R-16-03,OPMD,test,4608,3456,0.62731,2,0,0,0
R-16-04,OPMD,test,4608,3456,0.56456,2,0,0,0
R-17-01,OPMD,train,3456,4608,0.43153,1,0,0,0
R-17-02,OPMD,train,4608,3456,0.43213,1,0,0,0
R-17-03,OPMD,train,4608,3456,0.47348,1,0,0,0
R-17-04,OPMD,train,3456,4608,0.26318,1,0,0,0
R-17-05,OPMD,train,4608,3456,0.23689,1,1,0,1
R-19-01,Benign,val,1681,2151,0.57278,1,0,0,0
R-20-01,OPMD,train,4608,3456,0.45727,1,0,0,0
R-20-02,OPMD,train,4608,3456,0.69048,1,0,0,0
R-20-03,OPMD,train,4608,3456,0.8874,1,0,0,0
R-20-04,OPMD,train,4608,3456,0.53206,1,0,0,0
R-20-05,OPMD,train,4608,3456,0.30217,2,0,0,0
R-20-06,OPMD,train,4608,3456,0.36737,1,0,0,0
R-21-01,OPMD,train,4608,3456,0.51188,1,0,0,0
R-21-02,OPMD,train,4608,3456,0.51121,1,0,0,0
R-21-03,OPMD,train,4608,3456,0.43203,1,0,0,0
R-21-04,OPMD,train,4608,3456,0.57107,1,0,0,0
R-21-05,OPMD,train,4608,3456,0.33432,1,0,0,0
R-21-06,OPMD,train,4608,3456,0.27284,1,0,0,0
R-21-07,OPMD,train,4608,3456,0.2301,1,1,0,1
R-22-01,OPMD,train,4608,3456,0.43693,1,0,0,0
R-22-02,Benign,train,4608,3456,0.64612,2,0,0,0
R-22-03,Benign,train,4608,3456,0.60483,1,0,0,0
R-22-04,Benign,train,3456,4608,0.47132,1,0,0,0
R-23-01,Benign,train,4608,3456,0.39139,2,0,0,0
R-23-02,Healthy,train,4608,3456,0.528,0,0,0,0
R-23-03,Benign,train,4608,3456,0.19728,2,1,0,0
R-23-04,Benign,train,4608,3456,0.69271,1,0,0,0
R-23-05,Benign,train,4608,3456,0.45563,1,0,0,0
R-24-01,OPMD,train,4608,3456,0.83277,1,0,0,0
R-24-02,OPMD,train,4608,3456,0.85831,1,0,0,0
R-24-03,OPMD,train,4608,3456,0.52194,1,0,0,0
R-24-04,OPMD,train,4608,3456,0.82306,1,0,0,0
R-24-05,OPMD,train,3456,4608,0.30181,1,0,0,0
R-24-06,OPMD,train,4608,3456,0.27802,1,0,0,0
R-24-07,OPMD,train,4608,3456,0.32328,1,0,0,0
R-26-01,OPMD,train,4608,3456,0.43653,1,0,0,0
R-26-02,Healthy,train,4608,3456,0.54398,0,0,0,0
R-26-03,OPMD,train,4608,3456,0.60695,1,0,0,0
R-26-04,Healthy,train,3456,4608,0.58028,0,0,0,0
R-26-05,OPMD,train,4608,3456,0.43376,1,0,0,0
R-26-06,OPMD,train,4608,3456,0.52604,1,0,0,0
R-26-07,OPMD,train,4608,3456,0.4218,1,0,0,0
R-26-08,OPMD,train,4608,3456,0.35652,2,0,0,0
R-27-01,OPMD,train,4608,3456,0.31682,1,0,0,0
R-28-01,OPMD,train,4608,3456,0.72982,3,0,0,0
R-28-02,OPMD,train,4608,3456,0.41862,2,0,0,0
R-28-03,OPMD,train,4608,3456,0.73934,1,0,0,0
R-28-04,OPMD,train,4608,3456,0.56749,1,0,0,0
R-28-05,OPMD,train,3456,4608,0.37921,2,0,0,0
R-29-01,Benign,test,4608,3456,0.57212,1,0,0,0
R-29-02,Healthy,test,4608,3456,0.79253,0,0,0,0
R-29-03,Benign,test,4608,3456,0.57095,2,0,0,0
R-29-04,Benign,test,3456,4608,0.54602,1,0,0,0
R-30-01,Benign,test,4608,3456,0.35492,1,0,0,0
R-31-01,Benign,test,4608,3456,0.9042,1,0,0,0
R-31-02,Benign,test,4608,3456,0.6206,1,0,0,0
R-32-01,Benign,test,4608,3456,0.74241,1,0,0,0
R-32-02,Healthy,test,4608,3456,0.50181,0,0,0,0
R-32-03,Benign,test,4608,3456,0.62871,1,0,0,0
R-33-01,Benign,train,4608,3456,0.50981,1,0,0,0
R-33-02,Benign,train,4608,3456,0.56066,1,0,0,0
R-34-01,OPMD,val,4608,3456,0.89909,1,0,0,0
R-34-02,OPMD,val,4608,3456,0.71991,1,0,0,0
R-34-03,OPMD,val,4608,3456,0.6635,1,0,0,0
R-34-04,OPMD,val,3456,4608,0.5289,1,0,0,0
R-35-01,OPMD,train,4608,3456,0.23253,2,1,0,1
R-35-02,OPMD,train,4608,3456,0.64084,1,0,0,0
R-35-03,OPMD,train,4608,3456,0.36213,1,0,0,0
R-35-04,Healthy,train,3456,4608,0.3445,0,0,0,0
R-35-05,OPMD,train,4608,3456,0.16932,1,1,0,1
R-35-06,OPMD,train,4608,3456,0.31476,2,0,0,0
R-35-07,OPMD,train,4608,3456,0.63125,2,0,0,0
R-36-01,Benign,train,3456,4608,0.52068,1,0,0,0
R-36-02,Benign,train,4608,3456,0.55255,2,0,0,0
R-36-03,Benign,train,4608,3456,0.61749,2,0,0,0
R-36-04,Benign,train,4608,3456,0.52158,1,0,0,0
R-36-05,Healthy,train,4608,3456,0.58363,0,0,0,0
R-37-01,OPMD,train,4608,3456,0.65166,2,0,0,0
R-37-02,OPMD,train,4608,3456,0.63969,4,0,0,0
R-37-03,OPMD,train,4608,3456,0.65883,1,0,0,0
R-37-04,Healthy,train,4608,3456,0.30055,0,0,0,0
R-37-05,OPMD,train,4608,3456,0.58786,2,0,0,0
R-37-06,OPMD,train,4608,3456,0.51458,1,0,0,0
R-37-07,OPMD,train,3456,4608,0.36522,2,0,0,0
R-38-01,OPMD,train,2268,1662,0.49966,1,0,0,0
R-38-02,OPMD,train,4135,2648,0.45294,1,0,0,0
R-38-03,OPMD,train,4608,3456,0.43545,1,0,0,0
R-38-04,OPMD,train,2455,1802,0.62451,5,0,0,0
R-38-05,OPMD,train,1857,1748,0.47851,1,0,0,0
R-38-06,OPMD,train,2797,3435,0.50128,1,0,0,0
R-39-01,Benign,train,4608,3456,0.45363,1,0,0,0
R-39-02,Healthy,train,4608,3456,0.6064,0,0,0,0
R-39-03,Healthy,train,4608,3456,0.6849,0,0,0,0
R-39-04,Healthy,train,4608,3456,0.67195,0,0,0,0
R-39-05,Healthy,train,3456,4608,0.55022,0,0,0,0
R-40-01,Benign,test,3456,4608,0.66264,1,0,0,0
R-40-02,Benign,test,3456,4608,0.84106,1,0,0,0
R-40-03,Healthy,test,4608,3456,0.82731,0,0,0,0
R-41-01,Healthy,val,4608,3456,0.86191,0,0,0,0
R-41-02,Healthy,val,4608,3456,0.56337,0,0,0,0
R-41-03,Healthy,val,4608,3456,0.54063,0,0,0,0
R-41-04,Healthy,val,3456,4608,0.24962,0,0,0,0
R-42-01,Benign,train,4608,3456,0.51328,2,0,0,0
R-42-02,Benign,train,4608,3456,0.60106,1,0,0,0
R-42-03,Benign,train,4608,3456,0.68866,2,0,0,0
R-42-04,Benign,train,3456,4608,0.5678,1,0,0,0
R-42-05,Benign,train,4608,3456,0.40815,1,0,0,0
R-42-06,Benign,train,4608,3456,0.61615,2,0,0,0
R-43-01,Benign,test,4608,3456,0.20794,1,1,0,0
R-43-02,Benign,test,4608,3456,0.44564,1,0,0,0
R-43-03,Benign,test,3456,4608,0.36057,1,0,0,0
R-43-04,Benign,test,4608,3456,0.39549,1,0,0,0
R-44-01,Healthy,train,4608,3456,0.56729,0,0,0,0
R-44-02,Benign,train,4608,3456,0.30424,1,0,0,0
R-44-03,Benign,train,4608,3456,0.33892,1,0,0,0
R-44-04,Benign,train,4608,3456,0.50509,3,0,0,0
R-44-05,Healthy,train,4608,3456,0.61779,0,0,0,0
R-44-06,Healthy,train,4608,3456,0.5112,0,0,0,0
R-44-07,Healthy,train,3456,4608,0.42679,0,0,0,0
R-45-01,OPMD,test,4608,3456,0.59217,1,0,0,0
R-45-02,OPMD,test,4608,3456,0.66878,1,0,0,0
R-45-03,OPMD,test,4608,3456,0.54441,1,0,0,0
R-45-04,OPMD,test,3456,4608,0.54593,1,0,0,0
R-46-01,Benign,val,3456,4608,0.44632,1,0,0,0
R-46-02,Healthy,val,4608,3456,0.45556,0,0,0,0
R-46-03,Healthy,val,4608,3456,0.30531,0,0,0,0
R-46-04,Healthy,val,4608,3456,0.52461,0,0,0,0
R-46-05,Healthy,val,4608,3456,0.57387,0,0,0,0
R-47-01,Benign,train,4608,3456,0.6652,1,0,0,0
R-47-02,Benign,train,4608,3456,0.60246,1,0,0,0
R-47-03,Benign,train,4608,3456,0.64025,1,0,0,0
R-47-04,Healthy,train,4608,3456,0.67768,0,0,0,0
R-47-05,Healthy,train,4608,3456,0.71788,0,0,0,0
R-47-06,Healthy,train,4608,3456,0.73373,0,0,0,0
R-47-07,Healthy,train,3456,4608,0.30878,0,0,0,0
R-48-01,Healthy,test,4608,3456,0.78542,0,0,0,0
R-48-02,Healthy,test,4608,3456,0.86664,0,0,0,0
R-48-03,Healthy,test,4608,3456,0.51204,0,0,0,0
R-48-04,Healthy,test,3456,4608,0.55016,0,0,0,0
R-49-01,Benign,train,3456,4608,0.61501,1,0,0,0
R-49-02,Benign,train,4608,3456,0.6425,2,0,0,0
R-49-03,Benign,train,4608,3456,0.68791,3,0,0,0
R-49-04,Benign,train,4608,3456,0.59353,3,0,0,0
R-49-05,Benign,train,4608,3456,0.49552,2,0,0,0
R-49-06,Benign,train,3456,4608,0.62781,1,0,0,0
R-50-01,Benign,val,4608,3456,0.19854,2,1,0,0
R-51-01,OPMD,train,4608,3456,0.61742,2,0,0,0
R-51-02,OPMD,train,4608,3456,0.60379,3,0,0,0
R-51-03,OPMD,train,4608,3456,0.66419,1,0,0,0
R-51-04,OPMD,train,4608,3456,0.66868,2,0,0,0
R-51-05,Healthy,train,4608,3456,0.56877,0,0,0,0
R-51-06,Healthy,train,3456,4608,0.4387,0,0,0,0
R-52-01,OPMD,train,4608,3456,0.62569,1,0,0,0
R-52-02,OPMD,train,4608,3456,0.68375,1,0,0,0
R-52-03,OPMD,train,4608,3456,0.84707,1,0,0,0
R-52-04,OPMD,train,3456,4608,0.57793,1,0,0,0
R-52-05,OPMD,train,4608,3456,0.49135,1,0,0,0
R-52-06,OPMD,train,4608,3456,0.34303,1,0,0,0
R-53-01,Benign,val,4608,3456,0.85714,1,0,0,0
R-54-01,Healthy,train,4608,3456,0.43474,0,0,0,0
R-54-02,OPMD,train,4608,3456,0.55809,2,0,0,0
R-54-03,Healthy,train,4608,3456,0.7091,0,0,0,0
R-54-04,Healthy,train,3456,4608,0.24081,0,1,0,0
R-55-01,OPMD,train,4608,3456,0.52118,2,0,0,0
R-55-02,OPMD,train,4608,3456,0.4727,3,0,0,0
R-55-03,OPMD,train,4608,3456,0.72156,3,0,0,0
R-55-04,OPMD,train,3456,4608,0.5173,1,0,0,0
R-55-05,OPMD,train,4608,3456,0.47009,2,0,0,0
R-55-06,OPMD,train,4608,3456,0.47197,2,0,0,0
R-56-01,OPMD,train,4608,3456,0.60375,1,0,0,0
R-56-02,OPMD,train,4608,3456,0.46766,1,0,0,0
R-56-03,OPMD,train,4608,3456,0.44594,1,0,0,0
R-56-04,OPMD,train,3456,4608,0.2872,1,0,0,0
R-56-05,OPMD,train,4608,3456,0.21802,2,1,0,1
R-56-06,OPMD,train,4608,3456,0.37887,1,0,0,0
R-57-01,Benign,train,3456,4608,0.62403,1,0,0,0
R-57-05,OPMD,train,3456,4608,0.37525,1,0,0,0
R-58-01,OCA,test,4608,3456,0.70475,1,0,0,0
R-58-02,OPMD,test,4608,3456,0.85252,1,0,0,0
R-58-03,OPMD,test,3456,4608,0.25223,1,0,0,0
R-59-01,OPMD,train,4608,3456,0.7783,1,0,0,0
R-59-02,OPMD,train,4608,3456,0.82676,3,0,0,0
R-59-03,OPMD,train,4608,3456,0.88417,3,0,0,0
R-59-04,OPMD,train,3456,4608,0.51207,2,0,0,0
R-59-05,OPMD,train,3456,4608,0.33549,3,0,0,0
R-60-01,Healthy,test,4608,3456,0.41805,0,0,0,0
R-60-02,Healthy,test,4608,3456,0.66228,0,0,0,0
R-60-03,Benign,test,4608,3456,0.6994,1,0,0,0
R-60-04,Healthy,test,3456,4608,0.3881,0,0,0,0
R-61-01,OPMD,test,4608,3456,0.50457,2,0,0,0
R-61-02,OPMD,test,4608,3456,0.3515,2,0,0,0
R-61-03,Healthy,test,4608,3456,0.65423,0,0,0,0
R-61-04,Healthy,test,4608,3456,0.62897,0,0,0,0
R-61-05,Healthy,test,3456,4608,0.5015,0,0,0,0
R-62-01,Benign,train,4608,3456,0.30126,1,0,0,0
R-62-02,Healthy,train,4608,3456,0.80455,0,0,0,0
R-62-03,Healthy,train,4608,3456,0.66432,0,0,0,0
R-62-04,Healthy,train,3456,4608,0.59638,0,0,0,0
R-63-01,OPMD,train,3456,4608,0.58649,2,0,0,0
R-63-02,OPMD,train,4608,3456,0.39822,1,0,0,0
R-63-03,OPMD,train,4608,3456,0.34027,1,0,0,0
R-63-04,OPMD,train,4608,3456,0.64234,1,0,0,0
R-63-05,OPMD,train,4608,3456,0.71692,1,0,0,0
R-64-01,Benign,test,2187,1833,0.43694,1,0,0,0
R-65-01,Benign,train,4608,3456,0.45663,1,0,0,0
R-65-02,Benign,train,4608,3456,0.47257,1,0,0,0
R-65-03,Benign,train,4608,3456,0.63467,1,0,0,0
R-65-04,Benign,train,4608,3456,0.62371,2,0,0,0
R-65-05,Benign,train,4608,3456,0.76816,1,0,0,0
R-65-06,Benign,train,3456,4608,0.57379,1,0,0,0
R-65-07,Benign,train,4608,3456,0.30247,1,0,0,0
R-66-01,OPMD,train,4608,3456,0.67611,1,0,0,0
R-66-02,Healthy,train,4608,3456,0.78353,0,0,0,0
R-66-03,OPMD,train,4608,3456,0.75817,2,0,0,0
R-66-04,Benign,train,3456,4608,0.43494,1,0,0,0
R-67-01,Healthy,train,4608,3456,0.83506,0,0,0,0
R-67-02,Benign,train,4608,3456,0.69076,2,0,0,0
R-67-03,Benign,train,4608,3456,0.55359,1,0,0,0
R-67-04,Benign,train,4608,3456,0.30903,1,0,0,0
R-67-05,Benign,train,4608,3456,0.31753,1,0,0,0
R-67-06,Benign,train,4608,3456,0.32091,1,0,0,0
R-67-07,Healthy,train,4608,3456,0.35089,0,0,0,0
R-67-08,Benign,train,4608,3456,0.56066,1,0,0,0
R-67-09,Benign,train,3456,4608,0.56976,1,0,0,0
R-67-10,Benign,train,4608,3456,0.51984,1,0,0,0
R-68-01,OPMD,val,4608,3456,0.49263,1,0,0,0
R-68-02,Healthy,val,4608,3456,0.52334,0,0,0,0
R-68-03,OPMD,val,4608,3456,0.53991,1,0,0,0
R-68-04,OPMD,val,3456,4608,0.59239,1,0,0,0
R-69-01,Healthy,val,4608,3456,0.61998,0,0,0,0
R-69-02,Healthy,val,4608,3456,0.47333,0,0,0,0
R-69-03,Healthy,val,4608,3456,0.66498,0,0,0,0
R-69-04,Benign,val,3456,4608,0.5092,2,0,0,0
R-69-05,Benign,val,3456,4608,0.42501,4,0,0,0
R-70-01,Benign,train,4608,3456,0.17836,1,1,0,0
R-70-02,Healthy,train,4608,3456,0.52397,0,0,0,0
R-70-03,Healthy,train,4608,3456,0.49318,0,0,0,0
R-70-04,Healthy,train,4608,3456,0.59766,0,0,0,0
R-70-05,Healthy,train,3456,4608,0.62538,0,0,0,0
R-71-01,Benign,train,3264,2448,0.68983,1,0,0,0
R-71-02,Benign,train,3264,2448,0.39785,1,0,0,0
R-72-01,Benign,test,3264,2448,0.42087,6,0,0,0
R-72-02,Benign,test,3264,2448,0.50956,1,0,0,0
R-72-03,Benign,test,3264,2448,0.3475,2,0,0,0
R-72-04,Benign,test,2448,3264,0.24437,1,1,0,0
R-73-01,Healthy,test,3264,2448,0.75586,0,0,0,0
R-73-02,Healthy,test,3264,2448,0.86275,0,0,0,0
R-73-03,Healthy,test,3264,2448,0.81438,0,0,0,0
R-73-04,Healthy,test,2448,3264,0.6607,0,0,0,0
R-74-01,Benign,train,3264,2448,0.39781,1,0,0,0
R-74-02,Benign,train,3264,2448,0.48138,1,0,0,0
R-74-03,Healthy,train,3264,2448,0.58394,0,0,0,0
R-74-04,Healthy,train,3264,2448,0.72087,0,0,0,0
R-74-05,Benign,train,2448,3264,0.21271,1,1,0,0
R-74-06,Benign,train,1426,1036,0.57776,1,0,0,0
R-75-01,Benign,train,3264,2448,0.21147,1,1,0,0
R-75-02,Healthy,train,2448,3264,0.42583,0,0,0,0
R-75-03,Healthy,train,3264,2448,0.58787,0,0,0,0
R-75-04,Healthy,train,3264,2448,0.70413,0,0,0,0
R-75-05,Healthy,train,3264,2448,0.43545,0,0,0,0
R-76-01,OPMD,train,3264,2448,0.37244,4,0,0,0
R-76-02,OPMD,train,3264,2448,0.34939,3,0,0,0
R-76-03,OPMD,train,3264,2448,0.52114,3,0,0,0
R-76-04,OPMD,train,3264,2448,0.6846,4,0,0,0
R-76-05,OPMD,train,3264,2448,0.44181,3,0,0,0
R-76-06,OPMD,train,3264,2448,0.53807,3,0,0,0
R-76-07,OPMD,train,2448,3264,0.55858,3,0,0,0
R-77-01,OPMD,train,3264,2448,0.34005,1,0,0,0
R-77-02,OPMD,train,2448,3264,0.42699,1,0,0,0
R-78-01,Benign,val,3264,2448,0.16805,1,1,0,0
R-79-01,Benign,train,3264,2448,0.28661,2,0,0,0
R-79-02,Benign,train,3264,2448,0.49905,2,0,0,0
R-79-03,Benign,train,3264,2448,0.49202,1,0,0,0
R-79-04,Benign,train,2448,3264,0.17475,2,1,0,0
R-79-05,Benign,train,1880,1670,0.56453,1,0,0,0
R-80-01,Healthy,val,3264,2448,0.59002,0,0,0,0
R-80-02,Healthy,val,3264,2448,0.43503,0,0,0,0
R-80-03,Healthy,val,3264,2448,0.64764,0,0,0,0
R-80-04,Benign,val,2448,3264,0.43787,1,0,0,0
R-81-01,OCA,train,3264,2448,0.30116,1,0,0,0
R-81-02,OCA,train,3264,2448,0.4716,1,0,0,0
R-81-03,OPMD,train,3264,2448,0.55318,1,0,0,0
R-81-04,OPMD,train,3264,2448,0.42994,1,0,0,0
R-81-05,Benign,train,2448,3264,0.31849,1,0,0,0
R-82-01,OPMD,train,3264,2448,0.52851,1,0,0,0
R-82-02,OPMD,train,3264,2448,0.5,1,0,0,0
R-82-03,OPMD,train,3264,2448,0.7531,1,0,0,0
R-82-04,OPMD,train,2448,3264,0.47243,1,0,0,0
R-82-05,OPMD,train,3264,2448,0.21266,1,1,0,1
R-83-01,Benign,train,3264,2448,0.55785,1,0,0,0
R-84-01,OPMD,train,3264,2448,0.48582,2,0,0,0
R-84-02,OPMD,train,3264,2448,0.73539,2,0,0,0
R-84-03,OPMD,train,3264,2448,0.75883,4,0,0,0
R-84-04,OPMD,train,3264,2448,0.51931,2,0,0,0
R-84-05,OPMD,train,2448,3264,0.33667,1,0,0,0
R-84-06,OPMD,train,3264,2448,0.59581,1,0,0,0
R-84-07,OPMD,train,3264,2448,0.75648,1,0,0,0
R-85-01,OPMD,train,4608,3456,0.85615,1,0,0,0
R-85-02,OPMD,train,4608,3456,0.4514,1,0,0,0
R-85-03,OPMD,train,4608,3456,0.91176,1,0,0,0
R-85-04,OPMD,train,3456,4608,0.44097,2,0,0,0
R-85-05,OPMD,train,4608,3456,0.18206,2,1,0,1
R-85-06,OPMD,train,4608,3456,0.3362,1,0,0,0
R-86-01,Benign,train,4608,3456,0.11704,1,1,0,0
R-86-02,Benign,train,4608,3456,0.55223,1,0,0,0
R-86-03,Benign,train,4608,3456,0.45634,3,0,0,0
R-86-04,Benign,train,4608,3456,0.76681,2,0,0,0
R-86-05,Benign,train,4608,3456,0.72963,1,0,0,0
R-86-06,Healthy,train,3456,4608,0.28894,0,0,0,0
R-87-01,OPMD,train,3264,2448,0.6171,1,0,0,0
R-87-02,OPMD,train,3264,2448,0.56241,1,0,0,0
R-87-03,OPMD,train,3264,2448,0.57033,3,0,0,0
R-87-04,OPMD,train,3264,2448,0.62958,1,0,0,0
R-87-05,OPMD,train,3264,2448,0.44358,1,0,0,0
R-87-06,OPMD,train,3264,2448,0.2821,1,0,0,0
R-87-07,OPMD,train,2448,3264,0.55454,1,0,0,0
R-87-08,OPMD,train,3264,2448,0.29532,2,0,0,0
R-88-01,OPMD,test,3264,2448,0.20604,1,1,0,1
R-88-02,OPMD,test,3264,2448,0.70229,1,0,0,0
R-88-03,Healthy,test,3264,2448,0.68412,0,0,0,0
R-88-04,Healthy,test,2448,3264,0.43496,0,0,0,0
R-90-01,Benign,train,3264,2448,0.5631,1,0,0,0
R-90-02,Benign,train,3264,2448,0.55707,1,0,0,0
R-90-03,Benign,train,3264,2448,0.53094,1,0,0,0
R-90-04,Benign,train,2448,3264,0.40973,1,0,0,0
R-91-01,Healthy,val,3264,2448,0.55174,0,0,0,0
R-91-02,Healthy,val,3264,2448,0.57249,0,0,0,0
R-91-03,Healthy,val,3264,2448,0.76499,0,0,0,0
R-91-04,Benign,val,2448,3264,0.23837,1,1,0,0
R-92-01,OPMD,train,3264,2448,0.52625,1,0,0,0
R-92-02,OPMD,train,3264,2448,0.6231,1,0,0,0
R-92-03,OPMD,train,3264,2448,0.75383,1,0,0,0
R-92-04,OPMD,train,2448,3264,0.42232,1,0,0,0
R-92-05,OPMD,train,3264,2448,0.20057,1,1,0,1
R-92-06,OPMD,train,3047,1886,0.42406,1,0,0,0
R-93-01,OPMD,val,3264,2448,0.46805,2,0,0,0
R-93-02,OPMD,val,3264,2448,0.52685,3,0,0,0
R-93-03,OPMD,val,3264,2448,0.49588,3,0,0,0
R-93-04,OPMD,val,2448,3264,0.22829,2,1,0,1
R-93-05,OPMD,val,3264,2448,0.17553,1,1,0,1
R-94-01,OPMD,train,2448,3264,0.38055,4,0,0,0
R-94-02,OPMD,train,2448,3264,0.29991,4,0,0,0
R-94-03,OPMD,train,3264,2448,0.68533,4,0,0,0
R-94-04,OPMD,train,3264,2448,0.60747,4,0,0,0
R-94-05,OPMD,train,3264,2448,0.77313,3,0,0,0
R-94-06,OPMD,train,3264,2448,0.22405,3,1,0,1
R-94-07,OPMD,train,3264,2448,0.36778,2,0,0,0
R-94-08,OPMD,train,2475,1594,0.32701,2,0,0,0
R-94-09,OPMD,train,2199,1349,0.30012,2,0,0,0
R-95-01,Benign,train,2448,3264,0.68056,1,0,0,0
R-95-02,Healthy,train,2448,3264,0.44154,0,0,0,0
R-95-03,Healthy,train,3264,2448,0.54957,0,0,0,0
R-95-04,Healthy,train,3264,2448,0.63378,0,0,0,0
R-95-05,Healthy,train,3264,2448,0.65381,0,0,0,0
R-96-01,Benign,train,3264,2448,0.70379,1,0,0,0
R-96-02,Benign,train,3264,2448,0.68869,1,0,0,0
R-96-03,Benign,train,3264,2448,0.23978,1,1,0,0
R-96-04,Benign,train,3264,2448,0.44506,1,0,0,0
R-96-05,Healthy,train,2448,3264,0.41243,0,0,0,0
R-97-01,OPMD,train,3264,2448,0.80567,3,0,0,0
R-97-02,OPMD,train,3264,2448,0.70108,3,0,0,0
R-97-03,OPMD,train,3264,2448,0.52298,1,0,0,0
R-97-04,OPMD,train,3264,2448,0.60561,1,0,0,0
R-97-05,OPMD,train,3264,2448,0.64713,1,0,0,0
R-97-06,OPMD,train,2448,3264,0.5275,2,0,0,0
R-98-01,OPMD,train,3264,2448,0.43856,1,0,0,0
R-98-02,OPMD,train,3264,2448,0.41382,1,0,0,0
R-98-03,OPMD,train,3264,2448,0.52875,1,0,0,0
R-98-04,OPMD,train,2448,3264,0.67926,1,0,0,0
R-98-05,OPMD,train,2448,3264,0.57753,1,0,0,0
R-98-06,OPMD,train,3264,2448,0.21142,1,1,0,1
R-98-07,OPMD,train,3264,2448,0.46489,1,0,0,0
R-99-01,Benign,train,3264,2448,0.71993,2,0,0,0
R-99-02,Benign,train,3264,2448,0.70859,2,0,0,0
R-99-03,Benign,train,3264,2448,0.64428,2,0,0,0
R-99-04,Benign,train,2448,3264,0.54586,1,0,0,0
R-100-01,OPMD,train,3264,2448,0.73087,1,0,0,0
R-100-02,OPMD,train,3264,2448,0.58851,1,0,0,0
R-100-03,OPMD,train,3264,2448,0.57283,1,0,0,0
R-100-04,OPMD,train,2448,3264,0.61317,1,0,0,0
R-101-02,OPMD,val,3264,2448,0.47809,1,0,0,0
R-101-03,OPMD,val,3264,2448,0.66358,1,0,0,0
R-101-04,OPMD,val,2448,3264,0.17131,1,1,0,1
R-101-05,OPMD,val,3264,2448,0.35309,1,0,0,0
R-101-06,OPMD,val,3264,2448,0.50165,1,0,0,0
R-102-01,OPMD,val,3264,2448,0.3909,1,0,0,0
R-102-02,Healthy,val,3264,2448,0.59516,0,0,0,0
R-102-03,Healthy,val,3264,2448,0.49492,0,0,0,0
R-102-04,Healthy,val,3264,2448,0.6197,0,0,0,0
R-103-01,Benign,train,3264,2448,0.47468,1,0,0,0
R-103-02,Healthy,train,3264,2448,0.52866,0,0,0,0
R-103-03,Healthy,train,2448,3264,0.59875,0,0,0,0
R-105-01,OPMD,train,2448,3264,0.67017,3,0,0,0
R-105-02,OPMD,train,3264,2448,0.81033,1,0,0,0
R-105-03,Benign,train,3264,2448,0.85183,1,0,0,0
R-105-04,Benign,train,2448,3264,0.57538,1,0,0,0
R-105-05,OPMD,train,3264,2448,0.62528,2,0,0,0
R-105-06,OPMD,train,3264,2448,0.64248,4,0,0,0
R-105-07,Healthy,train,3264,2448,0.24547,0,1,0,0
R-105-08,Healthy,train,3264,2448,0.32832,0,0,0,0
N-128-01,Healthy,val,4608,3456,0.68478,0,0,0,0
N-128-02,Healthy,val,4608,3456,0.72146,0,0,0,0
N-128-03,Healthy,val,4608,3456,0.68442,0,0,0,0
N-128-04,Healthy,val,3456,4608,0.4313,0,0,0,0
N-130-02,Benign,val,3456,4608,0.34615,1,0,0,0
N-131-01,Healthy,train,3456,4608,0.6214,0,0,0,0
N-131-02,Healthy,train,4608,3456,0.77473,0,0,0,0
N-132-01,Benign,val,3456,4608,0.24957,1,0,0,0
N-132-02,Benign,val,4608,3456,0.74279,1,0,0,0
N-133-01,Benign,train,4608,3456,0.14233,3,1,0,0
N-134-01,OPMD,test,4608,3456,0.40243,1,0,0,0
N-135-01,Healthy,val,4608,3456,0.54856,0,0,0,0
N-135-02,Healthy,val,4608,3456,0.45357,0,0,0,0
N-135-03,Benign,val,4608,3456,0.35659,2,0,0,0
N-136-02,Healthy,train,3456,4608,0.34974,0,0,0,0
N-139-01,Benign,train,4608,3456,0.53839,1,0,0,0
N-139-04,Benign,train,3456,4608,0.36011,1,0,0,0
N-140-01,OPMD,train,4608,3456,0.2645,1,0,0,0
N-140-02,OPMD,train,3456,4608,0.30219,1,0,0,0
N-140-03,OPMD,train,3456,4608,0.1672,2,1,0,1
N-140-04,OPMD,train,3456,2942,0.50442,1,0,0,0
N-140-05,OPMD,train,4608,2840,0.28851,1,0,0,0
N-141-01,OPMD,val,4608,3456,0.40335,1,0,0,0
N-141-02,Healthy,val,3456,4608,0.33326,0,0,0,0
N-141-03,Healthy,val,4608,3456,0.64571,0,0,0,0
N-142-01,Benign,test,4608,3456,0.3891,1,0,0,0
N-142-02,Benign,test,4608,3456,0.60272,2,0,0,0
N-142-03,Benign,test,3456,4608,0.38576,1,0,0,0
N-142-04,Benign,test,4608,3456,0.25738,2,0,0,0
N-144-01,Benign,test,4608,3456,0.31079,1,0,0,0
N-145-02,OPMD,test,4608,3456,0.51271,1,0,0,0
N-145-04,OPMD,test,3456,4608,0.33004,1,0,0,0
N-145-05,OPMD,test,4608,3456,0.26556,1,0,0,0
N-145-06,OPMD,test,4608,3456,0.20322,1,1,0,1
N-147-01,Benign,test,4608,3456,0.30364,2,0,0,0
N-147-02,Benign,test,4608,3456,0.37862,4,0,0,0
N-148-01,Healthy,test,3456,4608,0.40138,0,0,0,0
N-148-02,Benign,test,4608,3456,0.42545,1,0,0,0
N-149-01,OPMD,test,4608,3456,0.14018,1,1,0,1
N-149-02,OPMD,test,4608,3456,0.4867,1,0,0,0
N-149-03,OPMD,test,4608,3456,0.59368,1,0,0,0
N-149-04,OPMD,test,3456,4608,0.20393,1,1,0,1
N-149-05,OPMD,test,3456,4608,0.10083,1,1,0,1
N-150-01,OPMD,test,4608,3456,0.4455,1,0,0,0
N-150-02,OPMD,test,4608,3456,0.25104,2,0,0,0
N-150-03,OPMD,test,4608,3456,0.20969,1,1,0,1
N-153-01,OPMD,val,4608,3456,0.58531,1,0,0,0
N-153-02,OPMD,val,4608,3456,0.36323,1,0,0,0
N-153-03,OPMD,val,3456,4608,0.29357,2,0,0,0
N-153-04,OPMD,val,4608,2206,0.30901,1,0,0,0
N-153-05,OPMD,val,4608,3456,0.43891,1,0,0,0
N-156-01,Healthy,train,4608,3456,0.5664,0,0,0,0
N-156-02,Healthy,train,4608,3456,0.49371,0,0,0,0
N-156-03,Benign,train,3456,4608,0.47118,2,0,0,0
N-156-04,Benign,train,4608,3456,0.42588,1,0,0,0
N-158-01,OPMD,val,4608,3456,0.46488,1,0,0,0
N-158-02,OPMD,val,4608,3456,0.51166,1,0,0,0
N-158-03,OPMD,val,4608,3456,0.23774,1,1,0,1
N-158-04,OPMD,val,3456,4608,0.31672,1,0,0,0
N-158-05,OPMD,val,4608,3456,0.42487,2,0,0,0
N-159-01,Benign,test,3456,4608,0.26045,2,0,0,0
N-160-01,OPMD,val,3456,4608,0.28443,1,0,0,0
N-160-02,OPMD,val,4608,3456,0.54854,1,0,0,0
N-161-01,Benign,train,4608,3456,0.34082,1,0,0,0
N-162-01,OPMD,train,4608,3456,0.55868,1,0,0,0
N-162-02,OPMD,train,4608,3456,0.50236,1,0,0,0
N-162-03,OPMD,train,3456,4608,0.63391,1,0,0,0
N-162-04,OPMD,train,4608,3456,0.36443,1,0,0,0
N-162-05,OPMD,train,4608,3456,0.24568,1,0,0,0
N-163-01,OPMD,train,4608,3456,0.37455,1,0,0,0
N-163-02,OPMD,train,4608,3456,0.65018,1,0,0,0
N-163-03,OPMD,train,4608,3456,0.4611,1,0,0,0
N-163-04,OPMD,train,3456,4608,0.3659,1,0,0,0
N-163-05,OPMD,train,4608,3456,0.19761,1,1,0,1
N-163-06,OPMD,train,4608,3456,0.5263,2,0,0,0
N-164-04,Healthy,test,3456,4608,0.22778,0,1,0,0
N-165-01,OPMD,train,4608,3456,0.59972,1,0,0,0
N-165-02,OPMD,train,4608,3456,0.57401,1,0,0,0
N-165-03,OPMD,train,4608,3456,0.55637,1,0,0,0
N-165-04,OPMD,train,3456,4608,0.55428,1,0,0,0
N-165-05,OPMD,train,4608,3456,0.43459,1,0,0,0
N-165-06,OPMD,train,4608,3456,0.24808,1,0,0,0
N-170-01,OPMD,val,4608,3456,0.36069,1,0,0,0
N-170-02,OPMD,val,4608,3456,0.64676,1,0,0,0
N-170-03,Healthy,val,3456,4608,0.45328,0,0,0,0
N-170-05,OPMD,val,4608,3456,0.35809,1,0,0,0
N-171-01,Benign,train,3264,2448,0.32378,1,0,0,0
N-171-02,Benign,train,2448,3264,0.55632,1,0,0,0
N-173-04,Healthy,val,2448,3264,0.45045,0,0,0,0
N-174-01,Healthy,val,2448,3264,0.42131,0,0,0,0
N-174-03,Healthy,val,3264,2448,0.39504,0,0,0,0
N-175-02,OPMD,val,2448,3264,0.27349,1,0,0,0
N-175-03,OPMD,val,3264,1783,0.40732,1,0,0,0
N-176-03,Healthy,test,4608,3456,0.59871,0,0,0,0
N-183-01,OPMD,val,4608,3456,0.77891,3,0,0,0
N-183-02,OPMD,val,4608,3456,0.49942,3,0,0,0
N-183-03,OPMD,val,4608,3456,0.43118,1,0,0,0
N-183-04,OPMD,val,3456,4608,0.70866,3,0,0,0
N-184-01,Benign,val,3456,4608,0.50845,1,0,0,0
N-184-02,Healthy,val,4608,2565,0.50709,0,0,0,0
N-184-03,Healthy,val,4608,3456,0.57468,0,0,0,0
N-185-01,Benign,train,4608,3456,0.52702,1,0,0,0
N-185-02,Benign,train,4608,3456,0.69696,2,0,0,0
N-185-03,Benign,train,3456,4608,0.58711,2,0,0,0
N-185-04,Benign,train,4608,3456,0.57756,2,0,0,0
N-185-05,Benign,train,4608,3456,0.48744,2,0,0,0
N-185-06,Benign,train,4608,3456,0.2293,3,1,0,0
N-185-07,Benign,train,4608,3456,0.28631,2,0,0,0
N-186-01,OPMD,train,4608,3456,0.52037,6,0,0,0
N-186-02,OPMD,train,4608,3456,0.44959,3,0,0,0
N-186-03,OPMD,train,4608,3456,0.43747,2,0,0,0
N-186-04,OPMD,train,4608,3456,0.3033,1,0,0,0
N-186-05,OPMD,train,3456,4608,0.29151,2,0,0,0
N-186-06,OPMD,train,4608,3456,0.23708,1,1,0,1
N-189-02,Healthy,test,3456,4608,0.55484,0,0,0,0
N-190-01,OPMD,val,4608,3456,0.54315,1,0,0,0
N-190-02,OPMD,val,4608,3456,0.81969,1,0,0,0
N-190-03,OPMD,val,3456,4608,0.29313,1,0,0,0
N-190-04,OPMD,val,4608,3456,0.24137,1,1,0,1
N-190-05,OPMD,val,4608,3456,0.12633,1,1,0,1
N-192-01,OPMD,val,4608,3456,0.74253,1,0,0,0
N-192-02,OPMD,val,4608,3456,0.59978,1,0,0,0
N-192-03,Healthy,val,3456,4608,0.67454,0,0,0,0
N-192-04,OPMD,val,4608,3456,0.31397,2,0,0,0
N-192-05,OPMD,val,4608,3456,0.2915,1,0,0,0
N-193-01,OPMD,test,4608,3456,0.24181,1,1,0,1
N-193-02,OPMD,test,4608,3456,0.81888,1,0,0,0
N-193-03,Healthy,test,4608,3456,0.4322,0,0,0,0
N-193-04,OPMD,test,4608,3456,0.3391,1,0,0,0
N-193-05,Healthy,test,3456,4608,0.66149,0,0,0,0
N-195-02,OPMD,test,4608,3456,0.6363,1,0,0,0
N-195-03,OPMD,test,3456,4608,0.493,1,0,0,0
N-197-01,OPMD,train,4608,3456,0.56256,1,0,0,0
N-197-02,OPMD,train,4608,3456,0.57686,1,0,0,0
N-197-03,OPMD,train,4608,3456,0.58846,1,0,0,0
N-197-04,OPMD,train,3456,4608,0.22098,1,1,0,1
N-197-05,OPMD,train,4608,3456,0.40479,1,0,0,0
N-197-06,OPMD,train,4608,3456,0.37142,1,0,0,0
N-197-07,OPMD,train,4608,3456,0.10982,1,1,0,1
N-198-01,Benign,val,4608,3456,0.17126,1,1,0,0
N-199-04,Healthy,train,3456,4608,0.61639,0,0,0,0
N-201-01,Benign,train,4608,3456,0.39236,1,0,0,0
N-204-01,Benign,test,4608,2288,0.16119,1,1,0,0
N-206-01,OCA,test,4608,3456,0.27387,1,0,0,0
N-206-02,Healthy,test,3456,4608,0.25366,0,0,0,0
N-206-03,Healthy,test,4608,3456,0.42451,0,0,0,0
N-206-04,Healthy,test,4608,3456,0.52608,0,0,0,0
N-206-05,Healthy,test,4608,3456,0.66846,0,0,0,0
N-210-02,Healthy,val,3456,4608,0.68413,0,0,0,0
N-213-01,Benign,val,4608,3456,0.59229,1,0,0,0
N-213-02,Benign,val,4608,3456,0.53895,1,0,0,0
N-213-03,Benign,val,3456,4608,0.5735,1,0,0,0
N-213-04,Benign,val,4608,3456,0.34719,2,0,0,0
N-214-01,OCA,test,4608,3456,0.26208,1,0,0,0
N-215-01,OPMD,val,4608,3456,0.46504,1,0,0,0
N-215-02,OPMD,val,4608,3456,0.52998,1,0,0,0
N-215-03,Healthy,val,4608,3456,0.47194,0,0,0,0
N-216-01,Benign,train,4608,3456,0.2517,2,0,0,0
N-216-02,Benign,train,4608,3456,0.32176,1,0,0,0
N-216-03,Benign,train,4608,2746,0.32265,1,0,0,0
N-217-01,OPMD,train,4608,3456,0.43089,1,0,0,0
N-217-02,OPMD,train,4608,3456,0.5432,1,0,0,0
N-217-03,OPMD,train,3456,4608,0.37296,1,0,0,0
N-217-04,OPMD,train,4608,2617,0.26307,1,0,0,0
N-217-05,OPMD,train,4608,3456,0.2819,1,0,0,0
N-217-06,OPMD,train,4608,3456,0.20971,1,1,0,1
N-218-01,Benign,test,4608,3456,0.76142,1,0,0,0
N-218-02,Healthy,test,3456,4608,0.59551,0,0,0,0
N-220-02,OPMD,test,4608,3456,0.74865,1,0,0,0
N-220-03,OPMD,test,3456,4608,0.47941,1,0,0,0
N-220-04,OPMD,test,4608,3456,0.56891,1,0,0,0
N-220-05,OPMD,test,4608,3456,0.1808,1,1,0,1
N-221-01,Benign,train,4608,3456,0.50647,1,0,0,0
N-221-02,Healthy,train,3456,4608,0.34469,0,0,0,0
N-222-01,OPMD,val,4608,3456,0.38559,2,0,0,0
N-222-02,OPMD,val,3456,4608,0.45687,2,0,0,0
N-223-02,Healthy,test,4608,3456,0.69668,0,0,0,0
N-224-03,OPMD,test,4608,3456,0.51249,1,0,0,0
N-224-04,OPMD,test,4608,3456,0.27667,1,0,0,0
N-224-05,OPMD,test,3456,4608,0.39429,1,0,0,0
N-225-01,Benign,test,4608,3456,0.30393,3,0,0,0
N-226-01,Benign,train,4608,3456,0.0,3,1,0,0
N-226-02,Benign,train,4608,3456,0.51583,4,0,0,0
N-226-03,Benign,train,3456,4608,0.48302,2,0,0,0
N-226-04,Benign,train,4608,3456,0.20497,5,1,0,0
N-226-05,Benign,train,4608,3456,0.19818,2,1,0,0
N-227-01,OPMD,train,4608,3456,0.69754,1,0,0,0
N-227-02,OPMD,train,4608,3456,0.53323,1,0,0,0
N-227-03,OPMD,train,3456,4608,0.34448,1,0,0,0
N-228-01,OPMD,val,4608,3456,0.48901,1,0,0,0
N-228-02,OPMD,val,4608,3456,0.7002,2,0,0,0
N-228-03,OPMD,val,4608,2922,0.52866,1,0,0,0
N-228-04,OPMD,val,3456,4608,0.42442,1,0,0,0
N-232-01,Benign,test,4608,3456,0.64786,8,0,0,0
N-232-02,Benign,test,4608,3456,0.73156,5,0,0,0
N-232-03,Benign,test,4608,3456,0.50092,4,0,0,0
N-234-01,OPMD,test,4608,3456,0.54805,1,0,0,0
N-234-02,OPMD,test,4608,3456,0.87117,1,0,0,0
N-234-03,OPMD,test,3456,4608,0.64,1,0,0,0
N-234-04,OPMD,test,4608,3456,0.82011,1,0,0,0
N-235-01,Benign,test,4608,3456,0.42336,5,0,0,0
N-235-02,Benign,test,4608,3456,0.65038,4,0,0,0
N-235-03,Benign,test,3029,4320,0.46739,2,0,0,0
N-236-02,OPMD,val,3456,4608,0.43817,1,0,0,0
N-236-03,OPMD,val,4608,3456,0.7019,1,0,0,0
N-237-01,OPMD,test,4608,3456,0.36801,1,0,0,0
N-237-02,OPMD,test,4608,3456,0.50293,1,0,0,0
N-237-03,OPMD,test,3456,4608,0.28158,1,0,0,0
N-237-04,OPMD,test,4608,3456,0.23411,1,1,0,1
N-237-05,OPMD,test,4608,3456,0.27738,1,0,0,0
N-238-01,Benign,val,4608,3456,0.5637,1,0,0,0
N-238-02,Healthy,val,4608,3456,0.52555,0,0,0,0
N-238-03,Healthy,val,4608,3456,0.67255,0,0,0,0
N-238-04,Healthy,val,3456,4608,0.61737,0,0,0,0
N-239-01,OPMD,train,4608,3456,0.4499,1,0,0,0
N-239-02,OPMD,train,4608,3456,0.56196,1,0,0,0
N-239-03,OPMD,train,4608,3456,0.54849,1,0,0,0
N-239-04,OPMD,train,4608,3456,0.21704,1,1,0,1
N-239-05,OPMD,train,3456,4608,0.29226,1,0,0,0
N-239-06,OPMD,train,4608,3456,0.26569,1,0,0,0
N-240-01,OPMD,val,4608,3456,0.85125,1,0,0,0
N-240-02,OPMD,val,4608,3456,0.74319,1,0,0,0
N-240-03,OPMD,val,4608,3456,0.59936,1,0,0,0
N-240-04,OPMD,val,3456,4608,0.33135,1,0,0,0
N-241-01,Benign,train,4608,3456,0.18845,1,1,0,0
N-241-05,Healthy,train,3456,4608,0.3993,0,0,0,0
N-242-01,OPMD,train,4608,3456,0.55124,1,0,0,0
N-242-02,OPMD,train,4608,3456,0.50909,1,0,0,0
N-242-03,Healthy,train,4608,3456,0.38037,0,0,0,0
N-242-04,Healthy,train,3456,4608,0.57849,0,0,0,0
N-244-01,OPMD,val,4608,3456,0.5793,1,0,0,0
N-244-02,OPMD,val,4608,3456,0.36337,2,0,0,0
N-244-03,OPMD,val,4608,3456,0.32898,2,0,0,0
N-244-04,OPMD,val,4608,3456,0.49664,1,0,0,0
N-244-05,OPMD,val,4608,3456,0.4362,2,0,0,0
N-245-02,OPMD,train,4608,3456,0.70483,1,0,0,0
N-245-04,Healthy,train,3456,4608,0.43699,0,0,0,0
N-246-01,OPMD,train,4608,3456,0.74963,1,0,0,0
N-246-02,OPMD,train,4608,3456,0.63541,1,0,0,0
N-246-03,OPMD,train,4608,3456,0.62969,1,0,0,0
N-246-04,OPMD,train,3456,4608,0.42364,1,0,0,0
N-246-05,OPMD,train,4608,3456,0.65782,1,0,0,0
N-246-06,OPMD,train,4608,3456,0.1988,1,1,0,1
N-247-01,Benign,train,4608,3456,0.50317,1,0,0,0
N-247-02,Benign,train,4608,3456,0.63782,2,0,0,0
N-248-04,Healthy,test,3456,4608,0.5105,0,0,0,0
N-250-01,Benign,train,4608,3456,0.07025,1,1,0,0
N-251-02,Healthy,train,3456,4608,0.7525,0,0,0,0
N-251-03,Healthy,train,4608,3456,0.78226,0,0,0,0
N-251-04,Healthy,train,4608,3456,0.7824,0,0,0,0
N-253-01,OPMD,train,4608,3456,0.71442,2,0,0,0
N-253-02,OPMD,train,4608,3456,0.44279,2,0,0,0
N-253-03,OPMD,train,3456,4608,0.50671,1,0,0,0
N-253-04,OPMD,train,4608,3456,0.70248,6,0,0,0
N-254-01,OPMD,test,4608,3456,0.30881,2,0,0,0
N-254-02,OPMD,test,4608,3456,0.5674,1,0,0,0
N-254-03,OPMD,test,3456,3763,0.30006,1,0,0,0
K-001-01,Healthy,test,4608,3456,0.37353,0,0,0,0
K-001-02,Healthy,test,4608,3456,0.4195,0,0,0,0
K-002-01,Benign,val,4608,3456,0.11615,1,1,0,0
K-002-02,Benign,val,4608,3456,0.25063,1,0,0,0
K-003-01,Benign,train,3456,4608,0.43004,1,0,0,0
K-003-02,Benign,train,4608,3456,0.56334,1,0,0,0
K-003-03,Healthy,train,4608,3456,0.50795,0,0,0,0
K-003-04,Healthy,train,4608,3456,0.44941,0,0,0,0
K-003-05,Healthy,train,4608,3456,0.53787,0,0,0,0
K-004-01,OPMD,val,4608,3456,0.43,1,0,0,0
K-004-02,Benign,val,3456,4608,0.34328,1,0,0,0
K-004-03,OPMD,val,4608,3456,0.49384,2,0,0,0
K-005-01,OPMD,train,3456,4608,0.24454,1,1,0,1
K-005-02,OPMD,train,4608,3456,0.57717,1,0,0,0
K-005-03,OPMD,train,3456,4608,0.46485,1,0,0,0
K-005-04,OPMD,train,4608,3456,0.44057,1,0,0,0
K-005-05,OPMD,train,4608,3456,0.47768,1,0,0,0
K-006-01,OPMD,test,4608,3456,0.41409,1,0,0,0
K-006-02,OPMD,test,4608,3456,0.29381,1,0,0,0
K-006-03,OPMD,test,4608,3456,0.4518,1,0,0,0
K-006-04,OPMD,test,3456,4608,0.39703,1,0,0,0
K-006-05,Healthy,test,4608,3456,0.16045,0,1,0,0
K-007-01,OPMD,test,4608,3456,0.38321,1,0,0,0
K-007-02,Benign,test,3456,4608,0.50069,1,0,0,0
K-008-01,Benign,test,3456,4608,0.60204,1,0,0,0
K-008-02,Benign,test,4608,3456,0.38464,1,0,0,0
K-008-03,Benign,test,4608,3456,0.6094,1,0,0,0
K-008-04,Benign,test,4608,3456,0.71839,1,0,0,0
K-009-01,OCA,train,4608,3456,0.56697,1,0,0,0
K-009-02,OPMD,train,4608,3456,0.40601,1,0,0,0
K-009-03,OPMD,train,4608,3456,0.61203,1,0,0,0
K-009-04,OPMD,train,4608,3456,0.20321,1,1,0,1
K-009-05,OPMD,train,4608,3456,0.4693,1,0,0,0
K-010-01,OPMD,val,4608,3456,0.57749,1,0,0,0
K-010-02,Benign,val,3456,4608,0.40231,1,0,0,0
K-010-03,Healthy,val,4608,3456,0.5169,0,0,0,0
K-010-04,Healthy,val,4608,3456,0.54112,0,0,0,0
K-011-01,Benign,train,4608,3456,0.46359,2,0,0,0
K-011-02,Benign,train,4608,3456,0.75771,1,0,0,0
K-012-01,OPMD,test,4608,3456,0.79716,1,0,0,0
K-012-02,OPMD,test,4608,3456,0.28228,1,0,0,0
K-013-01,Benign,test,4608,3456,0.11887,1,1,0,0
K-013-02,Benign,test,4608,3456,0.16318,1,1,0,0
K-014-01,OPMD,train,4608,3456,0.4137,3,0,0,0
K-014-02,OPMD,train,4608,3456,0.39931,2,0,0,0
K-014-03,OPMD,train,4608,3456,0.36249,2,0,0,0
K-014-04,OPMD,train,4608,3456,0.18206,1,1,0,1
K-014-05,OPMD,train,3456,4608,0.33816,2,0,0,0
K-015-01,OPMD,val,4608,3456,0.52088,3,0,0,0
K-015-02,OPMD,val,3456,4608,0.37151,2,0,0,0
K-015-03,OPMD,val,4608,3456,0.3804,2,0,0,0
K-016-01,OPMD,test,3264,2448,0.32273,1,0,0,0
K-016-02,Healthy,test,2448,3264,0.30042,0,0,0,0
K-017-01,Benign,test,4608,3456,0.16685,1,1,0,0
K-018-01,Benign,test,4608,3456,0.10115,1,1,0,0
K-019-01,OPMD,train,4608,3456,0.79908,3,0,0,0
K-019-02,OPMD,train,4608,3456,0.55864,8,0,0,0
K-019-03,OPMD,train,4608,3456,0.52465,4,0,0,0
K-019-04,OPMD,train,4608,3456,0.36466,3,0,0,0
K-019-05,OPMD,train,4608,3456,0.48839,1,0,0,0
K-019-06,OPMD,train,4608,3456,0.31777,6,0,0,0
K-020-02,Benign,train,3456,4608,0.81989,1,0,0,0
K-020-03,Healthy,train,4608,3456,0.32209,0,0,0,0
K-020-04,Benign,train,3456,4608,0.29292,1,0,0,0
K-021-01,Benign,train,4608,3456,0.36437,1,0,0,0
K-022-01,OCA,test,4608,3456,0.49667,1,0,0,0
K-023-01,OPMD,val,4608,3456,0.46299,1,0,0,0
K-023-02,OPMD,val,4608,3456,0.22147,1,1,0,1
K-023-03,OPMD,val,4608,3456,0.2787,1,0,0,0
K-023-04,OPMD,val,4608,3456,0.47973,1,0,0,0
K-024-01,Benign,val,4608,3456,0.67768,1,0,0,0
K-024-02,Healthy,val,4608,3456,0.58545,0,0,0,0
K-024-03,Benign,val,4608,3456,0.58293,3,0,0,0
K-024-04,Benign,val,4608,3456,0.39483,2,0,0,0
K-025-01,OPMD,test,4608,3456,0.32731,1,0,0,0
K-025-02,OPMD,test,4608,3456,0.46117,1,0,0,0
K-025-03,OPMD,test,4608,3456,0.36411,1,0,0,0
K-025-04,OPMD,test,4608,3456,0.29966,4,0,0,0
K-026-01,OPMD,test,4608,3456,0.36747,1,0,0,0
K-026-02,OPMD,test,4608,3456,0.29646,1,0,0,0
K-026-03,Benign,test,4608,3456,0.5056,1,0,0,0
K-026-04,Benign,test,3456,4608,0.38723,1,0,0,0
K-028-01,Healthy,test,4608,3456,0.28917,0,0,0,0
K-028-02,OPMD,test,4608,3456,0.67308,1,0,0,0
K-028-03,Healthy,test,3456,4608,0.64892,0,0,0,0
K-028-04,Healthy,test,4608,3456,0.5755,0,0,0,0
K-029-01,OPMD,test,4608,3456,0.2169,2,1,0,1
K-029-02,OPMD,test,4608,3456,0.34437,1,0,0,0
K-029-03,OPMD,test,3456,4608,0.40281,1,0,0,0
K-029-04,OPMD,test,4608,3456,0.25749,1,0,0,0
K-029-05,OPMD,test,4608,3456,0.41048,1,0,0,0
K-030-01,OPMD,test,4608,3456,0.33198,1,0,0,0
K-030-02,OPMD,test,4608,3456,0.46894,1,0,0,0
K-030-03,OPMD,test,4608,3456,0.49009,1,0,0,0
K-030-04,OPMD,test,4608,3456,0.56311,1,0,0,0
K-031-01,Benign,train,4608,3456,0.3238,1,0,0,0
K-032-01,OPMD,train,4608,3456,0.4566,1,0,0,0
K-032-02,OPMD,train,3456,4608,0.39295,2,0,0,0
K-032-03,OPMD,train,4608,3456,0.3978,1,0,0,0
K-032-04,OPMD,train,4608,3456,0.4513,1,0,0,0
K-032-05,OPMD,train,4608,3456,0.26813,2,0,0,0
K-032-06,OPMD,train,4608,3456,0.45104,1,0,0,0
S-02-01,Benign,val,4608,3456,0.39239,1,0,0,0
S-04-01,Benign,test,4608,3456,0.24392,1,1,0,0
S-05-01,Benign,test,3456,4608,0.44354,1,0,0,0
S-07-01,OPMD,train,4608,3456,0.32615,2,0,0,0
S-07-02,OPMD,train,4608,3456,0.38965,1,0,0,0
S-08-01,OCA,val,4608,3456,0.32645,1,0,0,0
S-10-04,Healthy,test,4608,3456,0.45924,0,0,0,0
S-11-01,OPMD,test,4608,3456,0.49738,1,0,0,0
S-11-02,OPMD,test,3456,4608,0.34734,1,0,0,0
S-12-01,OPMD,test,4608,3456,0.64399,1,0,0,0
S-12-02,OPMD,test,4608,3456,0.68174,1,0,0,0
S-12-03,OPMD,test,4608,3456,0.34472,1,0,0,0
S-12-04,OPMD,test,4608,3456,0.21362,1,1,0,1
S-12-05,OPMD,test,4608,3456,0.20087,1,1,0,1
S-13-01,OPMD,val,4608,3456,0.54803,1,0,0,0
S-16-01,OPMD,train,4608,3456,0.43925,1,0,0,0
S-16-02,OPMD,train,4608,3456,0.35432,1,0,0,0
S-16-03,OPMD,train,4608,3456,0.40624,1,0,0,0
S-19-02,OPMD,test,4608,3456,0.46963,4,0,0,0
S-19-04,OPMD,test,4608,3456,0.56281,4,0,0,0
S-22-01,Benign,val,4608,3456,0.26171,1,0,0,0
S-23-01,Benign,val,4608,3456,0.15778,1,1,0,0
S-25-01,OPMD,test,4608,3456,0.46872,1,0,0,0
S-25-02,OPMD,test,4608,3456,0.68578,1,0,0,0
S-26-01,OPMD,train,4608,3456,0.61043,1,0,0,0
S-26-02,Healthy,train,4608,3456,0.64725,0,0,0,0
S-26-03,Healthy,train,4608,3456,0.61266,0,0,0,0
S-26-04,Healthy,train,4608,3456,0.32445,0,0,0,0
S-27-03,Benign,train,4608,3456,0.26955,1,0,0,0
S-27-04,Healthy,train,4608,3456,0.40786,0,0,0,0
S-27-05,Healthy,train,4608,3456,0.25043,0,0,0,0
S-27-06,Healthy,train,4608,3456,0.32496,0,0,0,0
S-28-01,Healthy,train,4608,3456,0.37447,0,0,0,0
S-28-02,Healthy,train,4608,3456,0.98112,0,0,0,0
S-28-04,Healthy,train,4608,3456,0.83894,0,0,0,0
S-29-01,Healthy,train,4608,3456,0.38756,0,0,0,0
S-29-02,Healthy,train,3456,4608,0.29953,0,0,0,0
S-29-04,Healthy,train,4608,3456,0.32709,0,0,0,0
S-29-05,Healthy,train,4608,3456,0.3447,0,0,0,0
S-30-01,OPMD,test,4608,3456,0.3327,1,0,0,0
S-30-02,OPMD,test,1280,960,0.11136,1,1,0,1
S-34-01,OPMD,val,4608,3456,0.44749,1,0,0,0
S-34-02,OPMD,val,4608,3456,0.05647,2,1,0,1
S-37-01,OPMD,val,4608,3456,0.38313,1,0,0,0
S-37-02,OPMD,val,4608,3456,0.21719,1,1,0,1
S-38-01,OPMD,train,4608,3456,0.5057,1,0,0,0
S-38-02,Healthy,train,4608,3456,0.24512,0,1,0,0
S-38-03,OPMD,train,4608,3456,0.45041,1,0,0,0
S-40-01,OPMD,train,3456,4608,0.41054,1,0,0,0
S-40-02,OPMD,train,4608,3456,0.5892,1,0,0,0
S-40-03,OPMD,train,4608,3456,0.58782,1,0,0,0
S-40-04,OPMD,train,4608,3456,0.64494,1,0,0,0
S-40-05,OPMD,train,4608,3456,0.26753,1,0,0,0
S-40-06,OPMD,train,4608,3456,0.23717,1,1,0,1
S-41-01,OPMD,val,4608,3456,0.61769,1,0,0,0
S-42-01,Healthy,val,4608,3456,0.66447,0,0,0,0
S-43-01,Healthy,train,3456,4608,0.5343,0,0,0,0
S-44-01,OCA,test,4608,3456,0.56766,1,0,0,0
S-44-02,OCA,test,4608,3456,0.45576,1,0,0,0
S-45-01,OPMD,train,4608,3456,0.47465,1,0,0,0
S-46-01,Benign,train,4608,3456,0.66074,2,0,0,0
S-46-02,Benign,train,4608,3456,0.82319,3,0,0,0
S-46-03,Benign,train,4608,3456,0.42398,2,0,0,0
S-46-04,Benign,train,4608,3456,0.58024,4,0,0,0
S-46-05,Benign,train,4608,3456,0.57623,4,0,0,0
S-47-02,Benign,test,3456,4608,0.2881,1,0,0,0
S-47-03,Healthy,test,4608,3456,0.40811,0,0,0,0
S-48-01,OCA,train,4608,3456,0.36643,1,0,0,0
S-49-01,Benign,train,4608,3456,0.24726,1,0,0,0
S-49-02,Healthy,train,4608,3456,0.27675,0,0,0,0
S-50-01,Benign,test,4608,3456,0.54043,2,0,0,0
S-51-01,Benign,train,4608,3456,0.22942,1,1,0,0
S-52-01,OPMD,val,4608,3456,0.54504,1,0,0,0
S-52-02,OPMD,val,4608,3456,0.62286,1,0,0,0
S-52-03,OPMD,val,4608,3456,0.5957,1,0,0,0
S-52-04,OPMD,val,4608,3456,0.21686,1,1,0,1
S-52-05,OPMD,val,4608,3456,0.3576,1,0,0,0
S-56-01,OPMD,val,3456,4608,0.52389,1,0,0,0
S-56-04,OPMD,val,4608,3456,0.06001,2,1,0,1
S-56-05,OPMD,val,4608,3456,0.64357,4,0,0,0
S-57-01,Benign,train,4608,3456,0.38224,1,0,0,0
S-57-02,Benign,train,4608,3456,0.46064,1,0,0,0
S-57-03,Benign,train,4608,3456,0.34795,3,0,0,0
S-59-01,OPMD,test,4608,3456,0.32765,1,0,0,0
S-59-02,OPMD,test,4608,3456,0.57831,1,0,0,0
S-59-03,OPMD,test,4608,3456,0.23661,1,1,0,1
S-59-04,OPMD,test,4608,3456,0.31934,1,0,0,0
S-60-01,OPMD,val,4608,3456,0.80247,1,0,0,0
S-62-03,OPMD,val,3456,4608,0.25458,1,0,0,0
S-62-04,Healthy,val,4608,3456,0.10393,0,1,0,0
S-63-01,Benign,train,4608,3456,0.10706,1,1,0,0
S-64-01,OPMD,test,4608,3456,0.36622,1,0,0,0
S-66-01,OPMD,val,4608,3456,0.53118,1,0,0,0
S-66-02,OPMD,val,4608,3456,0.40674,2,0,0,0
S-66-03,OPMD,val,4608,3456,0.61937,1,0,0,0
S-66-04,OPMD,val,4608,3456,0.39301,2,0,0,0
S-67-01,Healthy,val,4608,3456,0.51685,0,0,0,0
S-67-02,Healthy,val,4608,3456,0.37197,0,0,0,0
S-68-01,OCA,val,4608,3456,0.57368,1,0,0,0
S-68-02,OCA,val,4608,3456,0.83354,1,0,0,0
S-70-01,Healthy,test,4608,3456,0.49606,0,0,0,0
S-70-02,Healthy,test,4608,3456,0.68861,0,0,0,0
S-70-03,Healthy,test,4608,3456,0.71048,0,0,0,0
S-70-04,Healthy,test,4608,3456,0.66724,0,0,0,0
S-71-01,Healthy,train,4608,3456,0.61526,0,0,0,0
S-72-01,Benign,val,3456,4608,0.36414,1,0,0,0
S-72-02,Benign,val,4608,3456,0.49718,1,0,0,0
S-73-01,OCA,train,4608,3456,0.18697,1,1,0,1
S-74-01,OPMD,train,4608,3456,0.49938,1,0,0,0
S-75-01,OPMD,train,4608,3456,0.65913,1,0,0,0
S-75-02,OPMD,train,4608,3456,0.49384,1,0,0,0
S-75-03,Healthy,train,4608,3456,0.29276,0,0,0,0
S-75-04,Healthy,train,3456,4608,0.40417,0,0,0,0
S-76-01,OCA,train,4608,3456,0.29606,1,0,0,0
S-76-02,Benign,train,4608,3456,0.32231,1,0,0,0
S-76-03,Healthy,train,4608,3456,0.44518,0,0,0,0
S-78-01,Benign,val,3456,4608,0.13522,1,1,0,0
S-79-01,Benign,train,3456,4608,0.52174,1,0,0,0
S-79-02,Benign,train,4608,3456,0.42798,3,0,0,0
S-79-03,Benign,train,4608,3456,0.29036,2,0,0,0
S-79-04,Healthy,train,4608,3456,0.4958,0,0,0,0
S-79-05,Benign,train,4608,3456,0.23694,1,1,0,0
S-79-06,Benign,train,4608,3456,0.59845,1,0,0,0
S-80-01,Benign,train,4608,3456,0.24389,1,1,0,0
S-81-01,Benign,test,4608,3456,0.2202,1,1,0,0
S-83-01,Benign,test,4608,3456,0.38604,1,0,0,0
S-84-01,OPMD,test,4608,3456,0.40871,2,0,0,0
S-85-01,Benign,train,4608,3456,0.62602,1,0,0,0
S-87-01,OCA,test,4608,3456,0.62868,1,0,0,0
S-88-01,OPMD,train,3456,4608,0.11494,1,1,0,1
S-89-01,OPMD,test,4608,3456,0.55394,1,0,0,0
S-89-02,Healthy,test,3456,4608,0.55178,0,0,0,0
S-90-01,OPMD,test,4608,3456,0.5119,3,0,0,0
S-90-02,OPMD,test,4608,3456,0.49192,2,0,0,0
S-90-03,OPMD,test,4608,3456,0.47163,2,0,0,0
S-90-04,OPMD,test,4608,3456,0.25232,2,0,0,0
S-91-01,OCA,train,4608,3456,0.73475,1,0,0,0
S-93-01,OPMD,train,4608,3456,0.40176,3,0,0,0
S-93-02,OPMD,train,4608,3456,0.2985,2,0,0,0
S-93-03,OPMD,train,3456,4608,0.56596,3,0,0,0
S-94-01,OPMD,val,3456,4608,0.4904,2,0,0,0
S-95-01,Benign,train,4608,3456,0.36745,1,0,0,0
S-96-01,Benign,test,4608,3456,0.42763,1,0,0,0
S-96-02,Healthy,test,4608,3456,0.47331,0,0,0,0
S-96-03,Benign,test,4608,3456,0.51638,2,0,0,0
S-96-04,Healthy,test,3456,4608,0.74228,0,0,0,0
S-97-01,Benign,val,4608,3456,0.76475,1,0,0,0
S-98-01,Benign,test,4608,3456,0.29037,1,0,0,0
S-99-01,OPMD,train,4608,3456,0.36323,2,0,0,0
S-99-02,OPMD,train,4608,3456,0.44134,1,0,0,0
S-99-03,Healthy,train,4608,3456,0.45442,0,0,0,0
S-100-01,Benign,val,4608,3456,0.83625,2,0,0,0
S-100-02,Benign,val,4608,3456,0.64847,2,0,0,0
S-101-01,OCA,train,4608,3456,0.16298,1,1,0,1
S-102-01,Benign,test,4608,3456,0.22267,3,1,0,0
S-102-02,Benign,test,4608,3456,0.59022,2,0,0,0
S-103-01,OCA,test,4608,3456,0.536,1,0,0,0
S-103-02,OCA,test,4608,3456,0.56325,1,0,0,0
S-104-01,Healthy,test,4608,3456,0.36617,0,0,0,0
S-104-02,OPMD,test,4608,3456,0.40307,3,0,0,0
S-104-03,OPMD,test,4608,3456,0.46478,3,0,0,0
S-104-04,OPMD,test,4608,3456,0.21863,1,1,0,1
S-104-05,OPMD,test,4608,3456,0.23824,2,1,0,1
S-105-01,Benign,train,4608,3456,0.41984,1,0,0,0
S-106-01,OPMD,train,3456,4608,0.23907,1,1,0,1
S-107-01,OPMD,val,4608,3456,0.54941,1,0,0,0
S-107-02,Healthy,val,4608,3456,0.50674,0,0,0,0
S-107-03,OPMD,val,4608,3456,0.73359,2,0,0,0
S-107-04,Healthy,val,3456,4608,0.31541,0,0,0,0
S-108-01,OPMD,val,4608,3456,0.31637,1,0,0,0
S-108-02,OPMD,val,4608,3456,0.21965,2,1,0,1
S-108-03,Healthy,val,4608,3456,0.47544,0,0,0,0
S-109-01,OPMD,train,2304,1728,0.61224,1,0,0,0
S-110-01,OPMD,val,4608,3456,0.29789,3,0,0,0
S-111-01,Benign,train,4608,3456,0.61635,1,0,0,0
S-112-01,OCA,val,4608,3456,0.75416,1,0,0,0
S-113-01,OPMD,test,4608,3456,0.65358,1,0,0,0
S-113-02,OPMD,test,4608,3456,0.5008,4,0,0,0
S-114-01,OCA,val,4608,3456,0.20972,1,1,0,1
S-114-02,Benign,val,3456,4608,0.25611,1,0,0,0
S-115-01,OPMD,train,4608,3456,0.31332,1,0,0,0
S-116-01,Benign,val,4608,3456,0.52705,3,0,0,0
S-116-02,Benign,val,4608,3456,0.55007,2,0,0,0
S-116-03,Benign,val,4608,3456,0.4219,2,0,0,0
S-117-01,Benign,train,3456,4608,0.35416,1,0,0,0
S-118-01,Benign,test,4608,3456,0.36954,2,0,0,0
S-118-02,Benign,test,3456,4608,0.277,2,0,0,0
S-119-01,Benign,val,4608,3456,0.64989,1,0,0,0
S-120-01,Benign,test,4608,3456,0.37333,1,0,0,0
S-121-01,Benign,test,3456,4608,0.48123,1,0,0,0
S-121-02,OPMD,test,4608,3456,0.38688,1,0,0,0
S-123-01,OPMD,train,4608,3456,0.51998,1,0,0,0
S-123-02,OPMD,train,4608,3456,0.49591,1,0,0,0
S-124-01,Benign,val,4608,3456,0.42988,1,0,0,0
S-124-02,Benign,val,4608,3456,0.5156,1,0,0,0
S-125-01,Benign,test,4608,3456,0.83718,1,0,0,0
S-126-01,Benign,train,4608,3456,0.42443,1,0,0,0
S-127-01,Healthy,train,4608,3456,0.38641,0,0,0,0
S-128-01,OPMD,train,4608,3456,0.20479,1,1,0,1
S-128-02,OPMD,train,4608,3456,0.19748,1,1,0,1
S-128-03,OPMD,train,4608,3456,0.18058,2,1,0,1
S-128-04,OPMD,train,4608,3456,0.12206,2,1,0,1
S-128-05,OPMD,train,4608,3456,0.1298,1,1,0,1
S-128-06,Healthy,train,4608,3456,0.21897,0,1,0,0
S-128-07,OPMD,train,4608,3456,0.2908,3,0,0,0
S-129-01,Benign,test,4608,3456,0.46616,1,0,0,0
S-131-01,Healthy,train,4608,3456,0.61158,0,0,0,0
S-131-02,OPMD,train,4608,3456,0.47942,2,0,0,0
S-132-01,OCA,val,4608,3456,0.43857,1,0,0,0
S-133-02,OPMD,val,4608,3456,0.53285,1,0,0,0
S-134-01,OPMD,train,4608,3456,0.61896,1,0,0,0
S-134-02,OPMD,train,4608,3456,0.45741,1,0,0,0
S-135-01,OPMD,test,4608,3456,0.31636,2,0,0,0
S-137-01,OPMD,val,4608,3456,0.81345,1,0,0,0
S-137-02,OPMD,val,4608,3456,0.81866,1,0,0,0
S-137-03,Healthy,val,3456,4608,0.5431,0,0,0,0
S-138-01,OPMD,val,4608,3456,0.49246,1,0,0,0
S-138-02,OPMD,val,4608,3456,0.48418,1,0,0,0
S-138-03,OPMD,val,3456,4608,0.21794,1,1,0,1
S-138-04,OPMD,val,4608,3456,0.36377,3,0,0,0
S-139-01,Benign,train,4608,3456,0.1116,1,1,0,0
S-140-01,OPMD,train,4608,3456,0.20697,1,1,0,1
S-140-02,OPMD,train,4608,3456,0.20516,1,1,0,1
S-140-03,OPMD,train,4608,3456,0.25809,1,0,0,0
S-140-04,OPMD,train,4608,3456,0.72606,1,0,0,0
S-140-05,OPMD,train,4608,3456,0.4306,1,0,0,0
S-141-01,OPMD,train,4608,3456,0.29784,1,0,0,0
S-141-02,OPMD,train,4608,3456,0.53941,1,0,0,0
S-141-03,OPMD,train,4608,3456,0.60993,1,0,0,0
S-141-04,OPMD,train,4608,3456,0.31038,1,0,0,0
S-141-05,Healthy,train,4608,3456,0.1354,0,1,0,0
S-141-06,OPMD,train,4608,3456,0.19102,1,1,0,1
S-141-07,OPMD,train,4608,3456,0.18323,1,1,0,1
S-143-01,OPMD,train,4608,3456,0.21046,1,1,0,1
S-143-02,OPMD,train,4608,3456,0.57333,1,0,0,0
S-143-03,OPMD,train,4608,3456,0.48311,1,0,0,0
S-144-01,OPMD,test,4608,3456,0.46109,1,0,0,0
S-144-02,Healthy,test,4608,3456,0.53111,0,0,0,0
S-144-03,Healthy,test,3456,4608,0.37058,0,0,0,0
S-145-01,OCA,val,4608,3456,0.19032,1,1,0,1
S-146-01,Benign,train,3456,4608,0.44312,1,0,0,0
S-147-01,OCA,val,4608,3456,0.40936,1,0,0,0
S-148-02,OPMD,test,4608,3456,0.63208,1,0,0,0
S-149-02,Healthy,test,3456,4608,0.40496,0,0,0,0
S-151-01,OPMD,train,4608,3456,0.39634,1,0,0,0
S-151-02,OPMD,train,4608,3456,0.54814,2,0,0,0
S-151-03,OPMD,train,4608,3456,0.23118,1,1,0,1
S-151-04,Healthy,train,3456,4608,0.25332,0,0,0,0
S-152-01,OPMD,train,4608,3456,0.54749,1,0,0,0
S-152-02,OPMD,train,4608,3456,0.39681,2,0,0,0
S-153-01,OPMD,val,4608,3456,0.25661,1,0,0,0
S-153-02,Healthy,val,4608,3456,0.49119,0,0,0,0
S-153-03,Benign,val,3456,4608,0.28817,1,0,0,0
S-154-01,Healthy,train,4608,3456,0.58426,0,0,0,0
S-154-02,Healthy,train,4608,3456,0.5112,0,0,0,0
S-154-03,Healthy,train,3456,4608,0.43488,0,0,0,0
S-154-04,OPMD,train,4608,3456,0.3926,1,0,0,0
S-154-05,OPMD,train,4608,3456,0.5633,1,0,0,0
S-154-06,Healthy,train,4608,3456,0.58945,0,0,0,0
S-155-01,Benign,val,3456,4608,0.47576,1,0,0,0
S-155-02,Benign,val,4608,3456,0.42512,1,0,0,0
S-155-03,Benign,val,4608,3456,0.40254,4,0,0,0
S-155-04,Benign,val,4608,3456,0.54179,3,0,0,0
S-156-01,Benign,val,4608,3456,0.86452,1,0,0,0
S-157-01,OPMD,test,4608,3456,0.46724,1,0,0,0
S-157-02,OPMD,test,4608,3456,0.49347,1,0,0,0
S-157-03,OPMD,test,4608,3456,0.21346,1,1,0,1
S-157-04,OPMD,test,4608,3456,0.31619,1,0,0,0
S-157-05,Healthy,test,3456,4608,0.46829,0,0,0,0
S-158-01,OPMD,train,4608,3456,0.15208,1,1,0,1
S-158-02,OPMD,train,4608,3456,0.09843,1,1,0,1
S-158-03,OPMD,train,4608,3456,0.15049,1,1,0,1
S-158-04,OPMD,train,4608,3456,0.15988,1,1,0,1
S-159-01,OPMD,val,4608,3456,0.25673,1,0,0,0
S-159-02,Healthy,val,4608,3456,0.37925,0,0,0,0
S-160-01,OPMD,test,4608,3456,0.3517,1,0,0,0
S-160-02,OPMD,test,4608,3456,0.32226,1,0,0,0
S-161-01,Benign,test,3456,4608,0.5623,1,0,0,0
S-162-01,Benign,train,4608,3456,0.47013,1,0,0,0
S-162-02,Benign,train,4608,3456,0.37251,1,0,0,0
S-162-03,Benign,train,4608,3456,0.14969,1,1,0,0
S-162-04,Benign,train,4608,3456,0.35901,1,0,0,0
S-162-05,Benign,train,3456,4608,0.59695,1,0,0,0
S-163-01,Benign,val,4608,3456,0.29021,1,0,0,0
S-164-01,OCA,train,4608,3456,0.49127,1,0,0,0
S-165-02,Benign,val,4608,3456,0.2619,2,0,0,0
S-166-01,OPMD,test,4608,3456,0.31699,1,0,0,0
S-166-02,OPMD,test,4608,3456,0.35433,1,0,0,0
S-166-03,OPMD,test,4608,3456,0.33633,2,0,0,0
S-167-01,OPMD,test,4608,3456,0.53219,1,0,0,0
S-167-02,OPMD,test,4608,3456,0.2692,2,0,0,0
S-167-03,OPMD,test,4608,3456,0.14727,1,1,0,1
S-167-04,OPMD,test,4608,3456,0.16717,1,1,0,1
S-168-01,Benign,train,4608,3456,0.40792,4,0,0,0
S-168-02,Benign,train,4608,3456,0.313,1,0,0,0
S-169-01,OPMD,train,4608,3456,0.52211,4,0,0,0
S-170-01,Healthy,val,3456,4608,0.39528,0,0,0,0
S-171-03,OPMD,train,3456,4608,0.52514,1,0,0,0
S-172-01,OPMD,val,4608,3456,0.46461,1,0,0,0
S-172-02,OPMD,val,4608,3456,0.45752,1,0,0,0
S-173-01,OCA,train,4608,3456,0.38313,1,0,0,0
S-173-02,OCA,train,4608,3456,0.56581,1,0,0,0
S-174-01,OPMD,val,4608,3456,0.29552,3,0,0,0
S-174-02,OPMD,val,4608,3456,0.54788,1,0,0,0
S-175-01,Benign,test,4608,3456,0.35276,2,0,0,0
S-175-02,Benign,test,3456,4608,0.41747,1,0,0,0
S-176-01,OCA,val,4608,3456,0.35115,2,0,0,0
S-177-01,OPMD,test,4608,3456,0.3652,2,0,0,0
S-178-01,OPMD,val,4608,3456,0.33426,1,0,0,0
S-178-02,OPMD,val,4608,3456,0.42276,2,0,0,0
S-178-03,OPMD,val,4608,3456,0.66118,1,0,0,0
S-178-04,OPMD,val,4608,3456,0.34759,2,0,0,0
S-178-05,OPMD,val,4608,3456,0.30624,1,0,0,0
S-179-01,OPMD,val,4608,3456,0.58762,1,0,0,0
S-179-02,OPMD,val,4608,3456,0.6096,1,0,0,0
S-179-03,OPMD,val,4608,3456,0.53665,1,0,0,0
S-179-04,OPMD,val,4608,3456,0.19973,1,1,0,1
S-179-05,OPMD,val,4608,3456,0.34813,1,0,0,0
S-180-01,OPMD,train,4608,3456,0.52999,2,0,0,0
S-180-02,OPMD,train,4608,3456,0.38843,1,0,0,0
S-180-03,OPMD,train,4608,3456,0.38448,1,0,0,0
S-180-04,OPMD,train,3456,4608,0.27773,1,0,0,0
S-180-05,OPMD,train,4608,3456,0.14749,1,1,0,1
S-180-06,OPMD,train,4608,3456,0.17286,1,1,0,1
S-181-01,OCA,test,4608,3456,0.41081,1,0,0,0
S-182-01,OCA,val,4608,3456,0.51327,1,0,0,0
S-183-01,OPMD,test,4608,3456,0.16423,3,1,0,1
S-184-01,OPMD,test,4608,3456,0.03335,1,1,0,1
S-184-02,OPMD,test,4608,3456,0.30344,2,0,0,0
S-184-03,OPMD,test,4608,3456,0.19213,1,1,0,1
S-184-04,OPMD,test,4608,3456,0.25367,1,0,0,0
S-184-05,OPMD,test,4608,3456,0.42975,1,0,0,0
S-185-01,OPMD,val,4608,3456,0.75168,1,0,0,0
S-185-02,OPMD,val,4608,3456,0.56971,1,0,0,0
S-185-03,OPMD,val,4608,3456,0.59108,1,0,0,0
S-185-04,OPMD,val,4608,3456,0.36512,2,0,0,0
S-185-05,OPMD,val,4608,3456,0.30012,1,0,0,0
N-011-01,Benign,val,4032,3024,0.34883,1,0,0,0
N-012-01,Benign,test,4032,3024,0.21181,1,1,0,0
N-019-01,Benign,val,4608,3456,0.1312,1,1,0,0
N-024-01,Benign,train,3456,4608,0.24562,2,1,0,0
N-025-01,Benign,val,3456,4608,0.24317,1,1,0,0
N-036-01,Benign,val,4608,3456,0.40008,2,0,0,0
N-066-01,Benign,train,3264,2448,0.62553,2,0,0,0
N-066-02,Benign,train,3264,2448,0.30886,1,0,0,0
N-066-03,Benign,train,3264,2448,0.46599,1,0,0,0
N-066-04,Benign,train,2448,3264,0.60263,2,0,0,0
N-072-01,Benign,test,3264,2448,0.16621,2,1,0,0
N-072-02,Benign,test,3264,2448,0.37686,3,0,0,0
N-072-03,Benign,test,3264,2194,0.41369,3,0,0,0
N-072-04,Benign,test,2448,3264,0.52948,1,0,0,0
N-074-01,OPMD,val,3264,2448,0.74063,1,0,0,0
N-074-02,Benign,val,2448,3264,0.46926,1,0,0,0
N-074-03,Benign,val,3264,2448,0.63851,1,0,0,0
N-076-01,Benign,train,3264,2448,0.46662,1,0,0,0
N-077-01,Benign,val,3264,2448,0.39787,1,0,0,0
N-078-01,Benign,val,2448,2356,0.26754,1,0,0,0
N-082-01,Benign,test,3264,2448,0.19867,1,1,0,0
N-094-01,Benign,test,3264,2448,0.20155,1,1,0,0
N-094-02,Benign,test,3264,2448,0.25969,2,0,0,0
N-095-01,Benign,val,2448,3264,0.52801,2,0,0,0
N-096-01,Benign,train,3264,2448,0.52941,1,0,0,0
N-097-02,Benign,train,2448,3264,0.35956,1,0,0,0
N-098-01,Healthy,test,3264,2448,0.42678,0,0,0,0
N-098-02,Benign,test,3264,2448,0.65111,1,0,0,0
N-098-03,Healthy,test,2448,3264,0.31495,0,0,0,0
N-102-01,Benign,train,3264,2111,0.15521,1,1,0,0
N-102-02,Benign,train,3264,2448,0.31824,3,0,0,0
N-102-03,Benign,train,3264,2448,0.3696,4,0,0,0
N-102-04,Benign,train,3264,2448,0.1425,1,1,0,0
N-102-05,Benign,train,3264,2448,0.19761,4,1,0,0
N-110-03,Benign,test,2448,3264,0.28078,1,0,0,0
N-113-01,Healthy,train,2448,3264,0.21413,0,1,0,0
N-116-01,Benign,train,3264,2448,0.49041,3,0,0,0
N-117-01,Benign,val,3264,2448,0.19332,1,1,0,0
N-117-02,Benign,val,3264,2448,0.22091,1,1,0,0
N-119-01,OPMD,train,3264,2448,0.69423,1,0,0,0
N-119-02,Benign,train,2448,3264,0.31562,1,0,0,0
N-120-01,Benign,val,3264,2448,0.06978,1,1,0,0
S-09-01,Benign,test,4608,3456,0.23982,1,1,0,0
S-150-01,Benign,train,4608,3456,0.34821,1,0,0,0
S-15-01,OPMD,train,4608,3456,0.06543,1,1,0,1
S-15-02,OPMD,train,4608,3456,0.15063,1,1,0,1
S-15-03,OPMD,train,4608,3456,0.13313,1,1,0,1
S-15-04,OPMD,train,3456,4608,0.13533,1,1,0,1
S-18-01,Benign,test,4608,3456,0.47412,3,0,0,0
S-18-03,Benign,test,4608,3456,0.14263,1,1,0,0
S-18-04,Benign,test,4608,3456,0.34827,1,0,0,0
S-19-01,OPMD,test,4608,3456,0.53162,4,0,0,0
S-19-03,OPMD,test,4608,3456,0.54016,5,0,0,0
S-36-01,Benign,train,4608,3456,0.02255,1,1,0,0
S-36-02,Benign,train,4608,3456,0.04298,2,1,0,0
S-36-03,Benign,train,4608,3456,0.03278,3,1,0,0
S-45-04,Healthy,train,3456,4608,0.58009,0,0,0,0
S-47-01,Benign,test,4608,3456,0.25133,1,0,0,0
S-49-03,Benign,train,4608,3456,0.31462,1,0,0,0
S-53-01,Benign,val,4608,3456,0.22555,1,1,0,0
S-53-02,Benign,val,4608,3456,0.4062,3,0,0,0
S-53-03,Benign,val,4608,3456,0.62284,1,0,0,0
S-53-04,Benign,val,4608,3456,0.34182,1,0,0,0
S-56-03,OPMD,val,4608,3456,0.6055,4,0,0,0
S-61-01,Benign,test,3456,4608,0.90438,1,0,0,0
C-10-12-5,Healthy,train,4000,1800,0.35582,0,0,0,0
C-10-2-7,Healthy,train,4000,1800,0.15748,0,1,0,0
C-10-3-6,Healthy,train,4000,1800,0.17178,0,1,0,0
C-10-4-3,Healthy,train,4000,1800,0.41228,0,0,0,0
C-10-5-4,Healthy,train,4000,1800,0.39358,0,0,0,0
C-10-6-2,Healthy,train,4000,1800,0.42875,0,0,0,0
C-10-7-1,Healthy,train,4000,1800,0.3902,0,0,0,0
C-11-12-6,Healthy,train,4000,1800,0.31315,0,0,0,0
C-11-4-1,Healthy,train,4000,1800,0.35998,0,0,0,0
C-11-5-2,Healthy,train,4000,1800,0.25542,0,0,0,0
C-11-6-3,Healthy,train,4000,1800,0.40643,0,0,0,0
C-11-6-4,Healthy,train,4000,1800,0.43528,0,0,0,0
C-11-7-5,Healthy,train,4000,1800,0.21155,0,1,0,0
C-12-4-3,Healthy,train,4000,1800,0.2894,0,0,0,0
C-12-5-4,Healthy,train,4000,1800,0.29824,0,0,0,0
C-12-6-1,Healthy,train,4000,1800,0.34123,0,0,0,0
C-12-7-2,Healthy,train,4000,1800,0.14198,0,1,0,0
C-12-9-5,Healthy,train,4000,1800,0.26043,0,0,0,0
C-13-4-4,Healthy,train,4000,1800,0.42287,0,0,0,0
C-13-4-5,Healthy,train,4000,1800,0.25424,0,0,0,0
C-13-6-1,Healthy,train,4000,1800,0.38396,0,0,0,0
C-13-6-2,Healthy,train,4000,1800,0.34319,0,0,0,0
C-13-6-3,Healthy,train,4000,1800,0.28277,0,0,0,0
C-13-6-8,Healthy,train,4000,1800,0.35153,0,0,0,0
C-13-7-6,Healthy,train,4000,1800,0.19859,0,1,0,0
C-13-7-7,Healthy,train,4000,1800,0.22061,0,1,0,0
C-14-4-1,Healthy,train,4000,1800,0.25999,0,0,0,0
C-14-5-3,Healthy,train,4000,1800,0.13924,0,1,0,0
C-14-5-4,Healthy,train,4000,1800,0.2827,0,0,0,0
C-14-7-2,Healthy,train,4000,1800,0.21841,0,1,0,0
C-14-7-5,Healthy,train,4000,1800,0.2305,0,1,0,0
C-14-7-6,Healthy,train,4000,1800,0.25143,0,0,0,0
C-15-12-7,Healthy,train,4000,1800,0.1652,0,1,0,0
C-15-12-8,Healthy,train,4000,1800,0.31969,0,0,0,0
C-15-4-3,Healthy,train,4000,1800,0.26564,0,0,0,0
C-15-5-4,Healthy,train,4000,1800,0.15478,0,1,0,0
C-15-5-5,Healthy,train,4000,1800,0.16748,0,1,0,0
C-15-6-1,Healthy,train,4000,1800,0.48063,0,0,0,0
C-15-6-2,Healthy,train,4000,1800,0.48149,0,0,0,0
C-15-7-6,Healthy,train,4000,1800,0.10786,0,1,0,0
C-16-4-2,Healthy,test,768,1024,0.84554,0,0,0,0
C-16-6-1,Healthy,test,768,1024,0.88909,0,0,0,0
C-16-7-3,Healthy,test,768,1024,0.93367,0,0,0,0
C-16-7-4,Healthy,test,768,1024,0.71854,0,0,0,0
C-17-4-1,Healthy,train,768,1024,0.87179,0,0,0,0
C-17-5-5,Healthy,train,768,1024,0.57889,0,0,0,0
C-17-6-2,Healthy,train,1024,990,0.55143,0,0,0,0
C-17-7-3,Healthy,train,768,1024,0.73146,0,0,0,0
C-17-7-4,Healthy,train,768,1024,0.84685,0,0,0,0
C-18-12-2,Healthy,val,960,1280,0.47233,0,0,0,0
C-18-5-4,Healthy,val,654,1174,0.72591,0,0,0,0
C-18-7-1,Healthy,val,850,1155,0.6112,0,0,0,0
C-18-7-3,Healthy,val,960,1280,0.82688,0,0,0,0
C-20-5-5,Healthy,train,4000,1800,0.44869,0,0,0,0
C-20-6-3,Healthy,train,4000,1800,0.24225,0,1,0,0
C-20-6-4,Healthy,train,4000,1800,0.30529,0,0,0,0
C-20-6-6,Healthy,train,4000,1800,0.48638,0,0,0,0
C-20-7-1,Healthy,train,4000,1800,0.50803,0,0,0,0
C-20-7-2,Healthy,train,4000,1800,0.28298,0,0,0,0
C-20-8-7,Healthy,train,4000,1800,0.26382,0,0,0,0
C-20-8-8,Healthy,train,4000,1800,0.31084,0,0,0,0
C-21-4-4,Healthy,train,4000,1800,0.51162,0,0,0,0
C-21-7-1,Healthy,train,4000,1800,0.45553,0,0,0,0
C-21-7-5,Healthy,train,4000,1800,0.49458,0,0,0,0
C-21-9-2,Healthy,train,4000,1800,0.47325,0,0,0,0
C-21-9-3,Healthy,train,4000,1800,0.29051,0,0,0,0
C-22-4-5,Healthy,train,4000,1800,0.37863,0,0,0,0
C-22-5-6,Healthy,train,4000,1800,0.47676,0,0,0,0
C-22-5-7,Healthy,train,4000,1800,0.60118,0,0,0,0
C-22-6-3,Healthy,train,4000,1800,0.60339,0,0,0,0
C-22-6-4,Healthy,train,4000,1800,0.58307,0,0,0,0
C-22-6-8,Healthy,train,4000,1800,0.31058,0,0,0,0
C-22-7-1,Healthy,train,4000,1800,0.4222,0,0,0,0
C-22-7-2,Healthy,train,4000,1800,0.36033,0,0,0,0
C-22-8-9,Healthy,train,4000,1800,0.39477,0,0,0,0
C-23-4-1,Healthy,train,4000,1800,0.39676,0,0,0,0
C-23-4-2,Healthy,train,4000,1800,0.50111,0,0,0,0
C-23-5-3,Healthy,train,4000,1800,0.59492,0,0,0,0
C-23-5-4,Healthy,train,4000,1800,0.57782,0,0,0,0
C-23-6-5,Healthy,train,4000,1800,0.79543,0,0,0,0
C-23-7-6,Healthy,train,4000,1800,0.3014,0,0,0,0
C-24-1-1,Healthy,train,4000,1800,0.4667,0,0,0,0
C-24-1-2,Healthy,train,4000,1800,0.57997,0,0,0,0
C-24-1-7,Healthy,train,4000,1800,0.39396,0,0,0,0
C-24-4-3,Healthy,train,4000,1800,0.37616,0,0,0,0
C-24-5-4,Healthy,train,4000,1800,0.41678,0,0,0,0
C-24-6-8,Healthy,train,4000,1800,0.42229,0,0,0,0
C-24-6-9,Healthy,train,4000,1800,0.33702,0,0,0,0
C-24-7-5,Healthy,train,4000,1800,0.25029,0,0,0,0
C-24-7-6,Healthy,train,4000,1800,0.28997,0,0,0,0
C-25-8-6,Healthy,val,4000,1800,0.37324,0,0,0,0
C-27-4-2,Healthy,train,4000,1800,0.39622,0,0,0,0
C-27-5-4,Healthy,train,4000,1800,0.57994,0,0,0,0
C-27-7-1,Healthy,train,4000,1800,0.52351,0,0,0,0
C-27-7-3,Healthy,train,4000,1800,0.615,0,0,0,0
C-27-7-5,Healthy,train,4000,1800,0.27782,0,0,0,0
C-28-4-2,Healthy,val,4000,1800,0.40508,0,0,0,0
C-28-5-3,Healthy,val,4000,1800,0.32432,0,0,0,0
C-28-6-4,Healthy,val,4000,1800,0.38857,0,0,0,0
C-28-7-1,Healthy,val,4000,1800,0.49451,0,0,0,0
C-28-7-5,Healthy,val,4000,1800,0.4654,0,0,0,0
C-29-1-2,Healthy,train,4000,1800,0.15427,0,1,0,0
C-29-4-3,Healthy,train,4000,1800,0.10247,0,1,0,0
C-29-4-5,Healthy,train,4000,1800,0.31742,0,0,0,0
C-29-5-4,Healthy,train,4000,1800,0.36062,0,0,0,0
C-29-5-6,Healthy,train,4000,1800,0.38274,0,0,0,0
C-29-6-8,Healthy,train,4000,1800,0.13207,0,1,0,0
C-29-6-9,Healthy,train,4000,1800,0.25809,0,0,0,0
C-29-7-1,Healthy,train,4000,1800,0.28905,0,0,0,0
C-29-7-7,Healthy,train,4000,1800,0.22693,0,1,0,0
C-29-8-10,Healthy,train,4000,1800,0.11209,0,1,0,0
C-30-5-2,Healthy,train,768,1024,0.75298,0,0,0,0
C-30-6-1,Healthy,train,768,1024,0.91309,0,0,0,0
C-30-6-3,Healthy,train,768,1024,0.53156,0,0,0,0
C-32-4-2,Healthy,train,4000,2250,0.46848,0,0,0,0
C-32-5-3,Healthy,train,4000,2250,0.25387,0,0,0,0
C-32-6-5,Healthy,train,4000,2250,0.22485,0,1,0,0
C-32-7-1,Healthy,train,4000,2250,0.75511,0,0,0,0
C-32-7-4,Healthy,train,4000,2250,0.48585,0,0,0,0
C-32-8-6,Healthy,train,4000,2250,0.30597,0,0,0,0
C-33-4-3,Healthy,train,4000,1800,0.30238,0,0,0,0
C-33-5-4,Healthy,train,4000,1800,0.45072,0,0,0,0
C-33-6-5,Healthy,train,4000,1800,0.48707,0,0,0,0
C-33-7-1,Healthy,train,4000,1800,0.49552,0,0,0,0
C-33-7-2,Healthy,train,4000,1800,0.28024,0,0,0,0
C-33-8-6,Healthy,train,4000,1800,0.25726,0,0,0,0
C-33-8-7,Healthy,train,4000,1800,0.30364,0,0,0,0
C-34-4-4,Healthy,train,4000,1800,0.51749,0,0,0,0
C-34-5-2,Healthy,train,4000,1800,0.47518,0,0,0,0
C-34-5-5,Healthy,train,4000,1800,0.49573,0,0,0,0
C-34-7-1,Healthy,train,4000,1800,0.45649,0,0,0,0
C-34-9-3,Healthy,train,4000,1800,0.31563,0,0,0,0
C-35-6-2,Healthy,train,4000,1800,0.61858,0,0,0,0
C-35-6-3,Healthy,train,4000,1800,0.63909,0,0,0,0
C-35-7-1,Healthy,train,4000,1800,0.48113,0,0,0,0
C-36-1-1,Healthy,train,4000,1800,0.3801,0,0,0,0
C-36-1-3,Healthy,train,4000,1800,0.32489,0,0,0,0
C-3-6-1,Healthy,test,1600,1200,0.43418,0,0,0,0
C-36-4-6,Healthy,train,4000,1800,0.3062,0,0,0,0
C-36-5-7,Healthy,train,4000,1800,0.17543,0,1,0,0
C-36-6-2,Healthy,train,4000,1800,0.34396,0,0,0,0
C-36-7-4,Healthy,train,4000,1800,0.16585,0,1,0,0
C-36-7-5,Healthy,train,4000,1800,0.36415,0,0,0,0
C-36-8-8,Healthy,train,4000,1800,0.33879,0,0,0,0
C-3-7-3,Healthy,test,1600,1200,0.34446,0,0,0,0
C-37-8-8,Healthy,val,4000,1800,0.45164,0,0,0,0
C-38-1-1,Healthy,train,4000,1800,0.30882,0,0,0,0
C-38-4-4,Healthy,train,4000,1800,0.63421,0,0,0,0
C-38-5-5,Healthy,train,4000,1800,0.68059,0,0,0,0
C-38-5-6,Healthy,train,4000,1800,0.59681,0,0,0,0
C-38-7-2,Healthy,train,4000,1800,0.77221,0,0,0,0
C-38-7-7,Healthy,train,4000,1800,0.66012,0,0,0,0
C-38-7-8,Healthy,train,4000,1800,0.55979,0,0,0,0
C-38-8-3,Healthy,train,4000,1800,0.42923,0,0,0,0
C-39-1-1,Healthy,train,4000,1800,0.27817,0,0,0,0
C-3-9-2,Healthy,test,1600,1200,0.62652,0,0,0,0
C-39-4-3,Healthy,train,4000,1800,0.62653,0,0,0,0
C-3-9-4,Healthy,test,1600,1200,0.35284,0,0,0,0
C-39-5-4,Healthy,train,4000,1800,0.46292,0,0,0,0
C-39-5-5,Healthy,train,4000,1800,0.31381,0,0,0,0
C-39-6-6,Healthy,train,4000,1800,0.36035,0,0,0,0
C-39-7-7,Healthy,train,4000,1800,0.33295,0,0,0,0
C-39-9-2,Healthy,train,4000,1800,0.80122,0,0,0,0
C-40-1-1,Healthy,train,4000,1800,0.27442,0,0,0,0
C-40-4-5,Healthy,train,4000,1800,0.69291,0,0,0,0
C-40-6-4,Healthy,train,4000,1800,0.78522,0,0,0,0
C-40-7-2,Healthy,train,4000,1800,0.70431,0,0,0,0
C-40-7-3,Healthy,train,4000,1800,0.68983,0,0,0,0
C-41-1-1,Healthy,train,4000,1800,0.3201,0,0,0,0
C-41-4-5,Healthy,train,4000,1800,0.28506,0,0,0,0
C-41-5-6,Healthy,train,4000,1800,0.47773,0,0,0,0
C-41-6-4,Healthy,train,4000,1800,0.26514,0,0,0,0
C-41-6-9,Healthy,train,4000,1800,0.57765,0,0,0,0
C-41-7-2,Healthy,train,4000,1800,0.33466,0,0,0,0
C-41-7-3,Healthy,train,4000,1800,0.54784,0,0,0,0
C-41-8-7,Healthy,train,4000,1800,0.54724,0,0,0,0
C-41-8-8,Healthy,train,4000,1800,0.36083,0,0,0,0
C-42-5-5,Healthy,train,4000,1800,0.78833,0,0,0,0
C-42-6-7,Healthy,train,4000,1800,0.74761,0,0,0,0
C-42-7-2,Healthy,train,4000,1800,0.42487,0,0,0,0
C-42-7-3,Healthy,train,4000,1800,0.50737,0,0,0,0
C-42-8-8,Healthy,train,4000,1800,0.62234,0,0,0,0
C-43-1-1,Healthy,train,4000,1800,0.33397,0,0,0,0
C-43-1-2,Healthy,train,4000,1800,0.31813,0,0,0,0
C-43-4-6,Healthy,train,4000,1800,0.36686,0,0,0,0
C-43-5-7,Healthy,train,4000,1800,0.43059,0,0,0,0
C-43-6-4,Healthy,train,4000,1800,0.36281,0,0,0,0
C-43-6-5,Healthy,train,4000,1800,0.61041,0,0,0,0
C-43-7-3,Healthy,train,4000,1800,0.5402,0,0,0,0
C-43-7-8,Healthy,train,4000,1800,0.49889,0,0,0,0
C-43-8-9,Healthy,train,4000,1800,0.38831,0,0,0,0
C-44-1-1,Healthy,train,4000,1800,0.4187,0,0,0,0
C-44-4-4,Healthy,train,4000,1800,0.36529,0,0,0,0
C-44-5-5,Healthy,train,4000,1800,0.22578,0,1,0,0
C-44-6-2,Healthy,train,4000,1800,0.47094,0,0,0,0
C-44-6-3,Healthy,train,4000,1800,0.35557,0,0,0,0
C-44-7-6,Benign,train,4000,1800,0.25974,1,0,0,0
C-44-8-7,Healthy,train,4000,1800,0.70134,0,0,0,0
C-45-1-1,Healthy,train,4000,1800,0.26243,0,0,0,0
C-45-4-4,Healthy,train,4000,1800,0.57236,0,0,0,0
C-45-5-5,Healthy,train,4000,1800,0.35649,0,0,0,0
C-45-6-2,Healthy,train,4000,1800,0.51811,0,0,0,0
C-45-6-3,Healthy,train,4000,1800,0.61766,0,0,0,0
C-45-7-6,Healthy,train,4000,1800,0.42453,0,0,0,0
C-45-8-7,Healthy,train,4000,1800,0.33514,0,0,0,0
C-46-1-1,Healthy,train,4000,1800,0.2985,0,0,0,0
C-46-1-2,Healthy,train,4000,1800,0.29223,0,0,0,0
C-4-6-1,Healthy,train,1600,1200,0.51946,0,0,0,0
C-4-6-2,Healthy,train,1600,1200,0.29476,0,0,0,0
C-46-4-4,Healthy,train,4000,1800,0.38862,0,0,0,0
C-46-5-5,Healthy,train,4000,1800,0.39462,0,0,0,0
C-46-6-6,Healthy,train,4000,1800,0.65899,0,0,0,0
C-46-6-7,Healthy,train,4000,1800,0.48376,0,0,0,0
C-46-7-3,Healthy,train,4000,1800,0.25515,0,0,0,0
C-46-8-8,Healthy,train,4000,1800,0.58559,0,0,0,0
C-47-1-1,Healthy,train,4000,1800,0.21578,0,1,0,0
C-4-7-4,Healthy,train,1200,1600,0.25409,0,0,0,0
C-47-5-3,Healthy,train,4000,1800,0.41476,0,0,0,0
C-47-5-4,Healthy,train,4000,1800,0.51252,0,0,0,0
C-47-6-6,Healthy,train,4000,1800,0.70413,0,0,0,0
C-47-7-2,Healthy,train,4000,1800,0.52296,0,0,0,0
C-47-7-5,Healthy,train,4000,1800,0.23902,0,1,0,0
C-48-1-2,Healthy,train,4000,1800,0.31311,0,0,0,0
C-48-4-5,Healthy,train,4000,1800,0.30174,0,0,0,0
C-48-5-6,Healthy,train,4000,1800,0.49635,0,0,0,0
C-48-6-3,Healthy,train,4000,1800,0.41185,0,0,0,0
C-48-6-4,Healthy,train,4000,1800,0.56417,0,0,0,0
C-48-7-1,Healthy,train,4000,1800,0.3143,0,0,0,0
C-48-7-7,Healthy,train,4000,1800,0.27817,0,0,0,0
C-4-9-3,Healthy,train,1600,1200,0.38683,0,0,0,0
C-4-9-5,Healthy,train,1600,1200,0.32098,0,0,0,0
C-5-6-1,Healthy,train,1600,1200,0.45755,0,0,0,0
C-5-7-2,Healthy,train,1600,1200,0.18776,0,1,0,0
C-5-9-3,Healthy,train,1600,1200,0.28272,0,0,0,0
C-5-9-4,Healthy,train,1600,1200,0.18575,0,1,0,0
C-6-6-6,Healthy,train,4000,1800,0.28135,0,0,0,0
C-6-7-1,Healthy,train,4000,1800,0.20791,0,1,0,0
C-6-7-2,Healthy,train,4000,1800,0.23173,0,1,0,0
C-6-7-3,Healthy,train,4000,1800,0.1606,0,1,0,0
C-6-9-4,Healthy,train,4000,1800,0.11175,0,1,0,0
C-6-9-5,Healthy,train,4000,1800,0.1896,0,1,0,0
C-8-12-2,Healthy,train,4000,1800,0.29052,0,0,0,0
C-8-12-6,Healthy,train,4000,1800,0.49307,0,0,0,0
C-8-4-4,Healthy,train,4000,1800,0.55888,0,0,0,0
C-8-5-5,Healthy,train,4000,1800,0.47634,0,0,0,0
C-8-6-3,Healthy,train,4000,1800,0.37275,0,0,0,0
C-8-7-1,Healthy,train,4000,1800,0.55334,0,0,0,0
C-9-12-1,Healthy,train,4000,1800,0.76918,0,0,0,0
C-9-1-7,Healthy,train,4000,1800,0.28398,0,0,0,0
C-9-4-5,Healthy,train,4000,1800,0.49503,0,0,0,0
C-9-4-6,Healthy,train,4000,1800,0.4568,0,0,0,0
C-9-5-4,Healthy,train,4000,1800,0.31007,0,0,0,0
C-9-7-2,Healthy,train,4000,1800,0.38416,0,0,0,0
C-9-7-3,Healthy,train,4000,1800,0.62919,0,0,0,0
K-030-05,OPMD,test,4608,3456,0.54334,1,0,0,0
N-001-03,Healthy,val,4608,3456,0.2865,0,0,0,0
N-001-04,Benign,val,3456,4608,0.62941,1,0,0,0
N-006-02,Benign,train,3024,2519,0.11339,1,1,0,0
N-015-02,OPMD,train,3456,4608,0.61062,1,0,0,0
N-026-02,Healthy,val,4608,3456,0.59939,0,0,0,0
N-026-03,Healthy,val,4608,3456,0.48746,0,0,0,0
N-026-04,Healthy,val,3456,4608,0.35648,0,0,0,0
N-040-02,Healthy,train,3456,4608,0.4769,0,0,0,0
N-042-02,Healthy,test,2448,3264,0.37119,0,0,0,0
N-042-03,Healthy,test,3264,2448,0.16534,0,1,0,0
N-042-04,Healthy,test,3264,2099,0.28636,0,0,0,0
N-047-04,Healthy,train,3264,2448,0.33028,0,0,0,0
N-056-02,OPMD,train,2000,4160,0.2461,1,0,0,0
N-056-03,OPMD,train,4160,2000,0.17857,1,1,0,1
N-056-04,OPMD,train,4160,2000,0.22876,1,1,0,1
N-070-04,Healthy,test,2448,3264,0.46756,0,0,0,0
N-077-02,Healthy,val,2448,3264,0.70615,0,0,0,0
N-079-03,Healthy,val,2448,3264,0.35014,0,0,0,0
N-079-04,Healthy,val,3264,2448,0.4656,0,0,0,0
N-083-03,Healthy,val,3264,2448,0.52937,0,0,0,0
N-084-02,Healthy,train,3264,2448,0.53156,0,0,0,0
N-091-02,Healthy,test,3264,2448,0.41856,0,0,0,0
N-091-03,Healthy,test,2448,3264,0.38192,0,0,0,0
N-092-04,OPMD,test,3264,2448,0.40804,1,0,0,0
N-092-05,OPMD,test,3264,2448,0.35829,1,0,0,0
N-101-02,Healthy,train,3264,2448,0.67471,0,0,0,0
N-101-05,Healthy,train,3264,2448,0.61843,0,0,0,0
N-108-01,Benign,train,3264,2448,0.59375,1,0,0,0
N-108-02,Benign,train,3264,2448,0.61707,1,0,0,0
N-108-03,Healthy,train,2448,3264,0.57907,0,0,0,0
N-108-04,Healthy,train,3264,2448,0.37081,0,0,0,0
N-108-05,Healthy,train,3264,2448,0.43196,0,0,0,0
N-109-02,Healthy,val,3264,2448,0.53612,0,0,0,0
N-109-04,Healthy,val,2448,3264,0.69083,0,0,0,0
N-110-02,Healthy,test,3264,2448,0.49568,0,0,0,0
N-112-02,Healthy,train,2448,3264,0.5548,0,0,0,0
N-116-02,Healthy,train,3264,2448,0.46265,0,0,0,0
N-116-03,Healthy,train,3264,2448,0.31459,0,0,0,0
N-127-01,Healthy,val,4608,3456,0.34816,0,0,0,0
N-127-02,Healthy,val,4608,3456,0.53128,0,0,0,0
N-127-03,Benign,val,3456,4608,0.68444,1,0,0,0
R-57-02,Healthy,train,4608,3456,0.57446,0,0,0,0
S-18-02,Benign,test,4608,3456,0.24972,1,0,0,0
N-004-01,OCA,val,4608,3456,0.35222,1,0,0,0
N-018-02,OCA,test,4608,3456,0.49146,1,0,0,0
N-020-01,OCA,test,4608,3456,0.30358,1,0,0,0
S-27-01,OCA,train,4608,3456,0.27773,1,0,0,0
S-54-01,OCA,train,4608,3456,0.42737,1,0,0,0
S-55-01,OCA,test,4608,3456,0.36948,2,0,0,0
S-58-01,OCA,train,3456,4608,0.19953,1,1,0,1
S-82-01,OCA,val,4608,3456,0.42248,1,0,0,0
N-006-01,OCA,train,4032,3024,0.41601,1,0,0,0
N-016-01,OPMD,train,3456,4608,0.41511,1,0,0,0
N-016-02,OPMD,train,4608,3456,0.47627,2,0,0,0
N-017-01,OPMD,test,4608,3456,0.52034,1,0,0,0
N-017-02,OPMD,test,3456,4608,0.45749,1,0,0,0
N-017-03,OPMD,test,4608,3456,0.07849,1,1,0,1
N-017-04,OPMD,test,4608,3456,0.16255,1,1,0,1
N-018-01,OPMD,test,959,1280,0.29752,1,0,0,0
N-021-01,OPMD,train,4608,3456,0.3464,1,0,0,0
N-021-02,OPMD,train,3456,4608,0.41643,1,0,0,0
N-021-03,OPMD,train,4608,3456,0.24182,1,1,0,1
N-027-01,OPMD,train,3456,4608,0.4586,1,0,0,0
N-027-02,OPMD,train,4608,3456,0.39754,1,0,0,0
N-031-01,OPMD,test,3456,4608,0.49257,1,0,0,0
N-037-01,OPMD,val,4608,3456,0.40233,1,0,0,0
N-037-02,OPMD,val,3456,4608,0.49679,1,0,0,0
N-037-03,OPMD,val,4608,3456,0.47908,1,0,0,0
N-037-04,OPMD,val,4608,3456,0.26734,1,0,0,0
N-047-01,OPMD,train,2448,3264,0.34716,2,0,0,0
N-047-02,OPMD,train,3264,2448,0.30422,2,0,0,0
N-047-03,OPMD,train,3264,2448,0.49097,1,0,0,0
N-047-05,OPMD,train,3264,2448,0.51431,1,0,0,0
N-050-01,OPMD,val,2448,3264,0.4241,2,0,0,0
N-050-02,OPMD,val,3264,2448,0.73056,1,0,0,0
N-051-01,OPMD,val,3264,2448,0.57242,1,0,0,0
N-051-02,OPMD,val,3264,2448,0.46959,1,0,0,0
N-051-03,OPMD,val,2448,3264,0.27336,1,0,0,0
N-051-04,OPMD,val,3264,2448,0.23937,2,1,0,1
N-051-05,OPMD,val,3264,2448,0.36169,1,0,0,0
N-052-01,OPMD,val,3264,2448,0.72813,1,0,0,0
N-052-02,OPMD,val,3264,2448,0.62395,1,0,0,0
N-057-01,OPMD,train,4160,2000,0.10754,1,1,0,1
N-061-01,OPMD,val,3264,2448,0.56829,1,0,0,0
N-061-02,OPMD,val,2448,3264,0.33835,1,0,0,0
N-062-01,OPMD,test,3264,2448,0.63136,1,0,0,0
N-062-02,OPMD,test,3264,2448,0.72111,1,0,0,0
N-062-03,OPMD,test,3264,2448,0.83904,1,0,0,0
N-062-04,OPMD,test,3264,2448,0.23247,2,1,0,1
N-062-05,OPMD,test,3264,2448,0.39576,1,0,0,0
N-063-01,OPMD,test,3264,2448,0.70237,1,0,0,0
N-063-02,OPMD,test,3264,2448,0.59643,1,0,0,0
N-063-03,OPMD,test,3264,2448,0.49316,1,0,0,0
N-064-02,OPMD,val,3264,2448,0.46617,1,0,0,0
N-064-03,OPMD,val,3264,2448,0.49226,1,0,0,0
N-064-04,OPMD,val,3264,2448,0.30453,1,0,0,0
N-064-05,OPMD,val,3264,2448,0.57703,1,0,0,0
N-065-01,OPMD,val,2448,3264,0.42889,1,0,0,0
N-065-02,OPMD,val,3264,2448,0.17357,1,1,0,1
N-065-03,OPMD,val,3264,2448,0.34202,1,0,0,0
N-080-01,OPMD,train,2448,3264,0.29552,1,0,0,0
N-080-02,OPMD,train,3264,2448,0.24769,1,0,0,0
N-080-03,OPMD,train,3264,2448,0.36408,1,0,0,0
N-080-04,OPMD,train,3264,2448,0.26406,1,0,0,0
N-080-05,OPMD,train,3264,2448,0.04687,2,1,0,1
N-080-06,OPMD,train,3264,2074,0.28565,1,0,0,0
N-084-01,OPMD,train,3264,2448,0.37587,1,0,0,0
N-085-01,OPMD,train,3264,2448,0.6635,1,0,0,0
N-085-02,OPMD,train,3264,2448,0.55714,1,0,0,0
N-085-03,OPMD,train,3264,2448,0.56336,1,0,0,0
N-085-04,OPMD,train,2448,3264,0.36741,1,0,0,0
N-085-05,OPMD,train,3264,2448,0.39974,2,0,0,0
N-085-06,OPMD,train,3264,2448,0.21089,1,1,0,1
N-086-01,OPMD,train,3264,2448,0.15238,1,1,0,1
N-086-02,OPMD,train,3264,2448,0.24413,1,1,0,1
N-089-01,OPMD,train,3264,2448,0.29126,1,0,0,0
N-089-02,OPMD,train,3264,2448,0.51033,1,0,0,0
N-089-03,OPMD,train,3264,2448,0.46405,1,0,0,0
N-089-05,OPMD,train,3264,2448,0.28096,1,0,0,0
N-089-06,OPMD,train,3264,2448,0.24554,1,1,0,1
N-090-01,OPMD,val,3264,2448,0.38712,1,0,0,0
N-090-02,OPMD,val,2448,3264,0.31081,1,0,0,0
N-090-03,OPMD,val,3264,2448,0.34118,1,0,0,0
N-090-04,OPMD,val,3264,2448,0.63019,1,0,0,0
N-097-01,OPMD,train,3264,2448,0.41539,1,0,0,0
N-099-01,OPMD,val,3264,2448,0.56806,1,0,0,0
N-099-02,OPMD,val,3264,2448,0.57183,2,0,0,0
N-099-03,OPMD,val,2448,3264,0.52329,1,0,0,0
N-099-04,OPMD,val,3264,2448,0.4758,1,0,0,0
N-099-05,OPMD,val,3264,2448,0.24095,1,1,0,1
N-100-01,OPMD,train,3264,2448,0.58169,1,0,0,0
N-100-02,OPMD,train,3264,2448,0.65618,1,0,0,0
N-100-04,OPMD,train,2448,3264,0.41338,1,0,0,0
N-101-01,OPMD,train,3264,2448,0.6262,1,0,0,0
N-101-03,OPMD,train,3264,2448,0.74925,1,0,0,0
N-101-04,OPMD,train,2448,3264,0.76513,2,0,0,0
N-103-01,OPMD,train,3264,2448,0.55512,1,0,0,0
N-103-02,OPMD,train,3264,2448,0.70403,1,0,0,0
N-103-03,OPMD,train,3264,2448,0.68205,1,0,0,0
N-103-04,OPMD,train,2448,3264,0.2795,2,0,0,0
N-104-01,OPMD,train,3264,2448,0.32868,3,0,0,0
N-104-02,OPMD,train,3264,2448,0.50407,3,0,0,0
N-104-03,OPMD,train,3264,2448,0.72422,1,0,0,0
N-104-04,OPMD,train,2448,3264,0.57073,1,0,0,0
N-105-01,OPMD,train,3264,2448,0.3796,1,0,0,0
N-105-02,OPMD,train,3264,2448,0.55932,2,0,0,0
N-107-01,Benign,train,3264,2448,0.55049,1,0,0,0
N-110-01,OPMD,test,3264,2448,0.41342,1,0,0,0
N-118-01,OPMD,val,3264,2448,0.62007,1,0,0,0
N-118-02,OPMD,val,3264,2448,0.71133,1,0,0,0
N-118-03,OPMD,val,2448,3264,0.4484,1,0,0,0
N-118-04,OPMD,val,3264,2448,0.24123,1,1,0,1
N-118-05,OPMD,val,3264,2448,0.19693,2,1,0,1
N-122-01,OPMD,train,4608,3456,0.66237,1,0,0,0
N-122-02,OPMD,train,4608,3456,0.67841,1,0,0,0
N-122-03,OPMD,train,3456,4608,0.33343,1,0,0,0
N-122-04,OPMD,train,4608,3456,0.15012,5,1,0,1
N-122-05,OPMD,train,4608,3456,0.18,1,1,0,1
R-18-01,OPMD,val,3456,4608,0.23069,1,1,0,1
S-10-02,OPMD,test,4608,3456,0.60514,1,0,0,0
S-10-03,OPMD,test,4608,3456,0.51294,1,0,0,0
S-10-05,OPMD,test,4608,3456,0.36981,1,0,0,0
S-135-02,OPMD,test,4608,3456,0.3147,2,0,0,0
S-14-01,OPMD,val,4608,3456,0.43311,1,0,0,0
S-20-01,OPMD,train,4608,3456,0.73846,1,0,0,0
S-20-02,OPMD,train,4608,3456,0.61586,1,0,0,0
S-20-03,OPMD,train,4608,3456,0.78972,1,0,0,0
S-27-02,OPMD,train,4608,3456,0.31591,2,0,0,0
S-28-03,OPMD,train,4608,3456,0.67395,1,0,0,0
S-29-03,OPMD,train,4608,3456,0.60874,3,0,0,0
S-31-01,OPMD,test,4608,3456,0.71055,1,0,0,0
S-32-01,OPMD,test,4608,3456,0.29455,2,0,0,0
S-35-01,OPMD,test,4608,3456,0.21666,1,1,0,1
S-39-01,OPMD,val,4608,3456,0.50075,1,0,0,0
S-45-02,OPMD,train,4608,3456,0.53958,2,0,0,0
S-45-03,OPMD,train,4608,3456,0.63205,1,0,0,0
S-62-01,OPMD,val,4608,3456,0.51717,2,0,0,0
S-62-02,OPMD,val,4608,3456,0.47846,3,0,0,0
S-62-05,OPMD,val,4608,3456,0.25546,2,0,0,0
S-69-01,OCA,test,4608,3456,0.65484,1,0,0,0
R-18-02,OPMD,val,4608,3456,0.73361,1,0,0,0
R-18-03,OPMD,val,4608,3456,0.67337,1,0,0,0
R-18-04,OPMD,val,4608,3456,0.46651,1,0,0,0
S-10-01,OPMD,test,4608,3456,0.6704,3,0,0,0
N-170-04,OPMD,val,4608,3456,0.68541,1,0,0,0
N-021-04,OPMD,train,4608,2623,0.24119,1,1,0,1
R-100-05,OPMD,train,3264,2448,0.57345,1,0,0,0
S-56-02,OPMD,val,4608,3456,0.65599,4,0,0,0
R-33-03,Benign,train,4608,3456,0.65906,1,0,0,0
R-33-04,Healthy,train,4608,3456,0.64153,0,0,0,0
R-33-05,Healthy,train,3456,4608,0.46851,0,0,0,0
R-57-04,Healthy,train,4608,3456,0.81228,0,0,0,0
R-57-03,Healthy,train,4608,3456,0.62113,0,0,0,0
R-106-01,Healthy,val,3264,2448,0.51343,0,0,0,0
R-106-02,Healthy,val,3264,2448,0.45938,0,0,0,0
R-106-03,Healthy,val,2448,3264,0.46831,0,0,0,0
R-106-04,Benign,val,2448,3264,0.2481,1,0,0,0
R-107-01,Benign,train,3264,2448,0.42806,1,0,0,0
R-107-02,Benign,train,3264,2448,0.54851,2,0,0,0
R-107-03,Benign,train,3264,2448,0.50905,1,0,0,0
R-107-04,Benign,train,3264,2448,0.23239,1,1,0,0
R-108-01,OPMD,val,3264,2448,0.4366,1,0,0,0
R-108-02,OPMD,val,3264,2448,0.43254,1,0,0,0
R-109-01,Benign,train,3264,2448,0.72587,2,0,0,0
R-109-02,Benign,train,3264,2448,0.51809,2,0,0,0
R-109-03,Benign,train,3264,2448,0.61326,3,0,0,0
R-109-04,Benign,train,2448,3264,0.50353,3,0,0,0
R-109-05,Benign,train,2448,3264,0.26018,1,0,0,0
R-109-06,Benign,train,2448,3264,0.39928,7,0,0,0
R-110-01,Benign,val,3264,2448,0.25146,1,0,0,0
R-110-02,Benign,val,3264,2448,0.50802,1,0,0,0
R-110-03,Benign,val,3264,2448,0.64547,1,0,0,0
R-110-04,Healthy,val,3264,2448,0.55948,0,0,0,0
R-111-01,OPMD,test,3264,2448,0.74687,1,0,0,0
R-111-02,OPMD,test,3264,2448,0.85783,1,0,0,0
R-111-03,OCA,test,3264,2448,0.66346,1,0,0,0
R-111-04,Healthy,test,2448,3264,0.25237,0,0,0,0
R-111-05,OCA,test,2448,3264,0.18624,1,1,0,1
R-112-01,OPMD,train,3264,2448,0.49294,1,0,0,0
R-112-02,OPMD,train,3264,2448,0.50216,1,0,0,0
R-112-03,OPMD,train,3264,2448,0.60479,1,0,0,0
R-112-04,OPMD,train,2448,3264,0.37877,1,0,0,0
R-112-05,OPMD,train,3264,2448,0.18914,1,1,0,1
R-112-06,OPMD,train,3264,2448,0.18345,1,1,0,1
R-113-01,Healthy,val,3264,2448,0.48804,0,0,0,0
R-113-02,Healthy,val,3264,2448,0.45033,0,0,0,0
R-113-03,Healthy,val,3264,2448,0.56172,0,0,0,0
R-113-04,Healthy,val,2448,3264,0.55939,0,0,0,0
R-114-01,Benign,val,3264,2448,0.50512,1,0,0,0
R-114-02,Benign,val,3264,2448,0.57586,1,0,0,0
R-114-03,Benign,val,3264,2448,0.67572,1,0,0,0
R-114-04,Benign,val,2448,3264,0.62426,1,0,0,0
R-115-01,OPMD,train,3264,2448,0.50512,1,0,0,0
R-115-02,OPMD,train,3264,2448,0.49754,1,0,0,0
R-115-03,OPMD,train,3264,2448,0.48303,1,0,0,0
R-115-04,OPMD,train,2448,3264,0.46833,1,0,0,0
R-115-05,OPMD,train,3264,2448,0.39997,2,0,0,0
R-115-06,OPMD,train,3264,2448,0.35316,1,0,0,0
R-116-01,Benign,train,2448,3264,0.35442,1,0,0,0
R-116-02,Benign,train,3264,2448,0.59857,1,0,0,0
R-116-03,Benign,train,3264,2448,0.63802,1,0,0,0
R-116-04,Benign,train,3264,2448,0.57719,1,0,0,0
R-117-01,Benign,train,2448,3264,0.21648,1,1,0,0
R-117-02,Healthy,train,2448,3264,0.2641,0,0,0,0
R-117-03,Healthy,train,3264,2448,0.70001,0,0,0,0
R-117-04,Healthy,train,3264,2448,0.74551,0,0,0,0
R-117-05,Healthy,train,3264,2448,0.60034,0,0,0,0
R-117-06,Healthy,train,2448,3264,0.55452,0,0,0,0
R-118-01,Healthy,test,3264,2448,0.70545,0,0,0,0
R-118-02,Healthy,test,3264,2448,0.78554,0,0,0,0
R-118-03,Healthy,test,3264,2448,0.81414,0,0,0,0
R-118-04,Healthy,test,2448,3264,0.46857,0,0,0,0
R-118-05,Healthy,test,2448,3264,0.44995,0,0,0,0
R-119-01,OCA,train,3264,2448,0.44371,1,0,0,0
R-119-02,Healthy,train,3264,2448,0.49779,0,0,0,0
R-119-03,OPMD,train,2448,3264,0.59029,1,0,0,0
R-120-01,OPMD,train,3264,2448,0.5204,1,0,0,0
R-120-02,OPMD,train,3264,2448,0.5506,1,0,0,0
R-120-03,OPMD,train,3264,2448,0.38853,1,0,0,0
R-120-04,Healthy,train,2448,3264,0.64532,0,0,0,0
R-120-05,Healthy,train,2448,3264,0.48328,0,0,0,0
R-120-06,Healthy,train,3264,2448,0.46184,0,0,0,0
R-120-07,Healthy,train,3264,2448,0.32528,0,0,0,0
R-121-01,Benign,test,3264,2448,0.50301,1,0,0,0
R-121-02,Healthy,test,3264,2448,0.53927,0,0,0,0
R-121-03,Benign,test,3264,2448,0.61838,1,0,0,0
R-121-04,Healthy,test,2448,3264,0.39131,0,0,0,0
R-121-05,Healthy,test,2448,3264,0.61996,0,0,0,0
R-122-01,OPMD,train,3264,2448,0.32951,4,0,0,0
R-122-02,OPMD,train,3264,2448,0.3181,5,0,0,0
R-122-03,OPMD,train,3264,2448,0.47636,5,0,0,0
R-122-04,OPMD,train,3264,2448,0.67862,6,0,0,0
R-122-05,OPMD,train,3264,2448,0.57874,4,0,0,0
R-122-06,OPMD,train,2448,3264,0.28821,3,0,0,0
R-122-07,OPMD,train,3264,2448,0.62543,3,0,0,0
R-122-08,OPMD,train,3264,2448,0.46976,2,0,0,0
R-123-01,Healthy,train,2448,3264,0.549,0,0,0,0
R-123-02,OPMD,train,3264,2448,0.24735,1,0,0,0
R-123-03,OPMD,train,3264,2448,0.41114,1,0,0,0
R-123-04,OPMD,train,3264,2448,0.4989,1,0,0,0
R-123-05,Healthy,train,2448,3264,0.62345,0,0,0,0
R-124-01,OCA,val,3264,2448,0.68581,1,0,0,0
R-124-02,Healthy,val,3264,2448,0.58543,0,0,0,0
R-124-03,Healthy,val,3264,2448,0.64252,0,0,0,0
R-124-04,Healthy,val,3264,2448,0.5973,0,0,0,0
R-124-05,Healthy,val,2448,3264,0.56198,0,0,0,0
R-125-01,OPMD,train,3264,2448,0.58887,1,0,0,0
R-125-02,OPMD,train,3264,2448,0.41042,1,0,0,0
R-125-03,OPMD,train,3264,2448,0.69029,1,0,0,0
R-125-04,OPMD,train,2448,3264,0.29847,1,0,0,0
R-125-05,OPMD,train,3264,2448,0.43814,1,0,0,0
R-125-06,OPMD,train,3264,2448,0.39118,1,0,0,0
R-126-01,OPMD,train,3264,2448,0.84556,1,0,0,0
R-126-02,OPMD,train,3264,2448,0.52966,1,0,0,0
R-126-03,OPMD,train,3264,2448,0.6856,2,0,0,0
R-126-04,OPMD,train,3264,2448,0.72677,1,0,0,0
R-126-05,OPMD,train,2448,3264,0.61341,1,0,0,0
R-126-06,OPMD,train,3264,2448,0.59559,1,0,0,0
R-126-07,OPMD,train,3264,2448,0.48226,1,0,0,0
R-127-01,Healthy,test,3264,2448,0.66123,0,0,0,0
R-127-02,Healthy,test,3264,2448,0.57035,0,0,0,0
R-127-03,Healthy,test,3264,2448,0.63968,0,0,0,0
R-127-04,Healthy,test,2448,3264,0.38234,0,0,0,0
R-128-01,Healthy,test,3264,2448,0.56277,0,0,0,0
R-128-02,Healthy,test,3264,2448,0.43127,0,0,0,0
R-128-03,Healthy,test,3264,2448,0.6848,0,0,0,0
R-128-04,Benign,test,2448,3264,0.69307,1,0,0,0
R-129-01,Benign,test,3264,2448,0.80302,1,0,0,0
R-129-02,Benign,test,3264,2448,0.42732,1,0,0,0
R-129-03,Benign,test,3264,2448,0.62246,2,0,0,0
R-129-04,Benign,test,3264,2448,0.31742,1,0,0,0
R-130-01,Benign,val,1280,597,0.50839,1,0,0,0
R-130-02,Benign,val,1280,597,0.44529,1,0,0,0
R-131-01,OPMD,train,3264,2448,0.43825,1,0,0,0
R-131-02,Benign,train,3264,2448,0.46713,2,0,0,0
R-131-03,Benign,train,3264,2448,0.49898,2,0,0,0
R-131-04,Benign,train,2448,3264,0.40155,1,0,0,0
R-131-05,Benign,train,2448,3264,0.3921,1,0,0,0
R-132-01,Benign,train,2448,3264,0.40901,1,0,0,0
R-132-02,Benign,train,3264,2448,0.36166,1,0,0,0
R-132-03,Benign,train,3264,2448,0.34255,1,0,0,0
R-132-04,Benign,train,3264,2448,0.24565,1,0,0,0
R-132-05,Benign,train,3264,2448,0.29909,1,0,0,0
R-132-06,Healthy,train,3264,2448,0.6735,0,0,0,0
R-132-07,Healthy,train,3264,2448,0.60227,0,0,0,0
R-132-08,Benign,train,3264,2448,0.59268,1,0,0,0
R-133-01,OCA,train,3264,2448,0.5037,1,0,0,0
R-133-02,OCA,train,2448,3264,0.35786,1,0,0,0
R-134-01,Benign,train,3264,2448,0.33664,1,0,0,0
R-134-02,Benign,train,3264,2448,0.50605,1,0,0,0
R-134-03,OPMD,train,3264,2448,0.59022,1,0,0,0
R-134-04,Benign,train,2448,3264,0.27977,1,0,0,0
R-134-05,Healthy,train,2448,3264,0.4298,0,0,0,0
R-135-01,OPMD,test,3264,2448,0.46049,1,0,0,0
R-135-02,OPMD,test,3264,2448,0.50619,1,0,0,0
R-135-03,Healthy,test,3264,2448,0.44961,0,0,0,0
R-135-04,OPMD,test,3264,2448,0.36573,1,0,0,0
R-135-05,Healthy,test,2448,3264,0.28292,0,0,0,0
R-136-01,OPMD,test,3264,2448,0.32075,1,0,0,0
R-136-02,OPMD,test,3264,2448,0.21376,5,1,0,1
R-136-03,OCA,test,3264,2448,0.43601,1,0,0,0
R-136-04,OPMD,test,3264,2448,0.35871,3,0,0,0
R-137-01,OPMD,train,3264,2448,0.62948,2,0,0,0
R-137-02,Healthy,train,2448,3264,0.40655,0,0,0,0
R-137-03,Healthy,train,2448,3264,0.43682,0,0,0,0
R-137-04,OPMD,train,3264,2448,0.66477,1,0,0,0
R-137-05,OPMD,train,3264,2448,0.46943,2,0,0,0
R-137-06,OPMD,train,3264,2448,0.61461,1,0,0,0
R-138-01,Healthy,train,3264,2448,0.4019,0,0,0,0
R-138-02,Healthy,train,3264,2448,0.49743,0,0,0,0
R-138-03,Healthy,train,3264,2448,0.58607,0,0,0,0
R-138-04,Healthy,train,2448,3264,0.46752,0,0,0,0
R-139-01,Benign,train,2448,3264,0.10768,1,1,0,0
R-139-02,Healthy,train,3264,2448,0.64865,0,0,0,0
R-139-03,Healthy,train,3264,2448,0.58386,0,0,0,0
R-139-04,Healthy,train,3264,2448,0.4551,0,0,0,0
R-139-05,Healthy,train,2448,3264,0.62447,0,0,0,0
R-139-06,Healthy,train,2448,3264,0.71181,0,0,0,0
R-140-01,OPMD,train,3264,2448,0.77055,1,0,0,0
R-140-02,OPMD,train,3264,2448,0.68261,1,0,0,0
R-140-03,OPMD,train,3264,2448,0.32875,1,0,0,0
R-140-04,OPMD,train,2448,3264,0.45927,1,0,0,0
R-140-05,OPMD,train,3264,2448,0.46581,1,0,0,0
R-140-06,OPMD,train,2448,3264,0.40791,1,0,0,0
R-140-07,OPMD,train,3264,2448,0.26576,1,0,0,0
R-140-08,OPMD,train,3264,2448,0.31391,2,0,0,0
R-141-01,OPMD,train,3264,2448,0.76119,6,0,0,0
R-141-02,OPMD,train,3264,2448,0.60608,4,0,0,0
R-141-03,OPMD,train,3264,2448,0.64669,3,0,0,0
R-141-04,OPMD,train,2448,3264,0.24666,1,0,0,0
R-142-01,OCA,train,3264,2448,0.3093,1,0,0,0
R-142-02,Healthy,train,3264,2448,0.20974,0,1,0,0
R-142-03,Healthy,train,3264,2448,0.26507,0,0,0,0
R-142-04,OCA,train,3264,2448,0.59588,1,0,0,0
R-143-01,Healthy,train,3264,2448,0.4113,0,0,0,0
R-143-02,Healthy,train,3264,2448,0.75962,0,0,0,0
R-143-03,Healthy,train,3264,2448,0.70944,0,0,0,0
R-143-04,Healthy,train,3264,2448,0.75813,0,0,0,0
R-143-05,Healthy,train,3264,2448,0.68148,0,0,0,0
R-144-01,OPMD,val,3264,2448,0.53257,1,0,0,0
R-144-02,Healthy,val,3264,2448,0.45028,0,0,0,0
R-144-03,Healthy,val,3264,2448,0.65117,0,0,0,0
R-144-04,Healthy,val,3264,2448,0.61912,0,0,0,0
R-145-01,OCA,val,3264,2448,0.53188,1,0,0,0
R-145-02,OPMD,val,3264,2448,0.50116,2,0,0,0
R-145-03,OPMD,val,2448,3264,0.38946,1,0,0,0
R-146-01,Benign,train,3000,4000,0.73485,1,0,0,0
R-146-02,Benign,train,2653,2401,0.53917,1,0,0,0
R-146-03,Benign,train,4000,3000,0.60299,3,0,0,0
R-146-04,Benign,train,4000,3000,0.36729,3,0,0,0
R-146-05,Benign,train,4000,3000,0.46935,2,0,0,0
R-146-06,Benign,train,4000,3000,0.51063,2,0,0,0
R-146-07,Benign,train,4000,3000,0.68779,3,0,0,0
R-146-08,Benign,train,3000,4000,0.45137,2,0,0,0
R-147-01,Benign,test,4000,3000,0.2366,1,1,0,0
R-147-02,Benign,test,4000,3000,0.36834,1,0,0,0
R-147-03,Healthy,test,3000,4000,0.6336,0,0,0,0
R-147-04,Healthy,test,4000,3000,0.57744,0,0,0,0
R-147-05,Healthy,test,4000,3000,0.69372,0,0,0,0
R-148-01,Healthy,train,3000,4000,0.74227,0,0,0,0
R-148-02,Healthy,train,3000,4000,0.42356,0,0,0,0
R-148-03,Healthy,train,4000,3000,0.59216,0,0,0,0
R-148-04,Healthy,train,4000,3000,0.67969,0,0,0,0
R-148-05,Healthy,train,4000,3000,0.38794,0,0,0,0
R-148-06,Healthy,train,4000,3000,0.58182,0,0,0,0
R-148-07,Healthy,train,4000,3000,0.74102,0,0,0,0
R-148-08,Healthy,train,4000,3000,0.6356,0,0,0,0
R-148-09,Healthy,train,3000,4000,0.65795,0,0,0,0
R-148-10,Healthy,train,3000,4000,0.63622,0,0,0,0
R-149-01,Benign,train,4000,3000,0.48558,2,0,0,0
R-149-02,Benign,train,4000,3000,0.69078,2,0,0,0
R-149-03,Benign,train,4000,3000,0.44408,6,0,0,0
R-149-04,Benign,train,4000,3000,0.46226,6,0,0,0
R-149-05,Benign,train,4000,3000,0.28034,4,0,0,0
R-149-06,Benign,train,3000,4000,0.4175,2,0,0,0
R-149-07,Benign,train,3000,4000,0.20393,3,1,0,0
R-150-01,OPMD,train,4000,3000,0.50849,1,0,0,0
R-150-02,OPMD,train,4000,3000,0.84172,1,0,0,0
R-150-03,OPMD,train,4000,3000,0.64426,3,0,0,0
R-150-04,OPMD,train,4000,3000,0.69862,3,0,0,0
R-150-05,OPMD,train,3000,4000,0.31896,1,0,0,0
R-151-01,OPMD,train,4000,3000,0.31553,2,0,0,0
R-151-02,OPMD,train,4000,3000,0.30764,1,0,0,0
R-151-03,OPMD,train,3000,4000,0.44396,1,0,0,0
R-151-04,OPMD,train,4000,3000,0.27725,1,0,0,0
R-151-05,OPMD,train,3264,2448,0.33208,1,0,0,0
R-152-01,OPMD,test,3000,4000,0.57881,1,0,0,0
R-152-02,OPMD,test,4000,3000,0.79495,6,0,0,0
R-152-03,OPMD,test,4000,3000,0.82453,4,0,0,0
R-152-04,OPMD,test,4000,3000,0.82306,4,0,0,0
R-152-05,OPMD,test,4000,3000,0.69009,4,0,0,0
R-153-01,Benign,train,3000,4000,0.13643,1,1,0,0
R-153-02,Benign,train,3000,4000,0.40234,1,0,0,0
R-153-03,Healthy,train,4000,3000,0.6566,0,0,0,0
R-153-04,Healthy,train,4000,3000,0.74724,0,0,0,0
R-153-05,Healthy,train,4000,3000,0.72415,0,0,0,0
R-154-01,Benign,train,4000,3000,0.67363,1,0,0,0
R-154-02,Benign,train,4000,3000,0.95,1,0,0,0
R-154-03,Benign,train,4000,3000,0.712,1,0,0,0
R-154-04,Benign,train,4000,3000,0.81099,1,0,0,0
R-154-05,Healthy,train,4000,3000,0.60692,0,0,0,0
R-154-06,Healthy,train,4000,3000,0.62807,0,0,0,0
R-154-07,Benign,train,3000,4000,0.54118,1,0,0,0
R-155-01,OPMD,train,4000,3000,0.75312,1,0,0,0
R-155-02,Healthy,train,4000,3000,0.66903,0,0,0,0
R-155-03,Healthy,train,4000,3000,0.4002,0,0,0,0
R-155-04,Healthy,train,4000,3000,0.53434,0,0,0,0
R-155-05,Benign,train,3000,4000,0.35511,1,0,0,0
R-156-01,Benign,train,3000,4000,0.58169,2,0,0,0
R-156-02,Benign,train,3000,4000,0.51356,1,0,0,0
R-156-03,Benign,train,4000,3000,0.75163,1,0,0,0
R-156-04,Benign,train,4000,3000,0.55986,2,0,0,0
R-156-05,Benign,train,4000,3000,0.6718,2,0,0,0
R-156-06,Benign,train,4000,3000,0.46536,2,0,0,0
R-156-07,Benign,train,4000,3000,0.53144,2,0,0,0
R-156-08,Benign,train,4000,3000,0.25014,2,0,0,0
R-157-01,Benign,train,3000,4000,0.42145,1,0,0,0
R-157-04,Benign,train,4000,3000,0.68775,1,0,0,0
R-157-05,Benign,train,4000,3000,0.58037,2,0,0,0
R-157-06,Benign,train,4000,3000,0.25235,2,0,0,0
R-157-07,Benign,train,4000,3000,0.45282,2,0,0,0
R-158-01,OPMD,train,4000,3000,0.73154,3,0,0,0
R-158-02,Healthy,train,4000,3000,0.57376,0,0,0,0
R-158-03,Healthy,train,4000,3000,0.66048,0,0,0,0
R-158-04,Healthy,train,3000,4000,0.48067,0,0,0,0
R-159-01,OPMD,train,3000,4000,0.57818,1,0,0,0
R-159-02,OPMD,train,4000,3000,0.69404,3,0,0,0
R-159-03,OPMD,train,4000,3000,0.66241,1,0,0,0
R-159-04,OPMD,train,4000,3000,0.80803,3,0,0,0
R-159-05,OPMD,train,4000,3000,0.90644,2,0,0,0
R-159-06,OPMD,train,4000,3000,0.38934,1,0,0,0
R-159-07,OPMD,train,4000,3000,0.43231,1,0,0,0
R-159-08,OPMD,train,4000,3000,0.13945,3,1,0,1
R-160-01,Healthy,val,4000,3000,0.42236,0,0,0,0
R-160-02,Healthy,val,4000,3000,0.68361,0,0,0,0
R-160-03,Healthy,val,4000,3000,0.58891,0,0,0,0
R-160-04,Healthy,val,4000,3000,0.52402,0,0,0,0
R-160-05,Healthy,val,3000,4000,0.64549,0,0,0,0
R-161-01,Benign,train,4000,3000,0.62141,1,0,0,0
R-161-02,Benign,train,4000,3000,0.60113,1,0,0,0
R-161-03,Benign,train,4000,3000,0.79604,1,0,0,0
R-161-04,Healthy,train,4000,3000,0.7272,0,0,0,0
R-161-05,Benign,train,4000,3000,0.84332,1,0,0,0
R-162-01,Benign,train,4000,3000,0.59821,1,0,0,0
R-162-02,Benign,train,4000,3000,0.54126,1,0,0,0
R-162-03,Benign,train,4000,3000,0.64819,1,0,0,0
R-162-04,Benign,train,1920,2560,0.258,1,0,0,0
R-162-05,Benign,train,2560,1920,0.52665,1,0,0,0
R-163-01,OCA,train,4000,3000,0.375,1,0,0,0
R-163-02,OCA,train,4000,3000,0.1777,1,1,0,1
R-163-03,OCA,train,4000,3000,0.25781,1,0,0,0
R-163-04,OCA,train,3000,4000,0.30439,1,0,0,0
R-163-05,OCA,train,4000,3000,0.68027,1,0,0,0
R-163-06,OCA,train,4000,3000,0.49304,1,0,0,0
R-163-07,OCA,train,4000,3000,0.64748,1,0,0,0
R-164-01,Healthy,train,4000,3000,0.7218,0,0,0,0
R-164-02,Healthy,train,4000,3000,0.63939,0,0,0,0
R-164-03,Healthy,train,4000,3000,0.66927,0,0,0,0
R-164-04,Healthy,train,4000,3000,0.70015,0,0,0,0
R-164-05,Healthy,train,4000,3000,0.54673,0,0,0,0
R-164-06,Healthy,train,4000,3000,0.58613,0,0,0,0
R-164-07,Healthy,train,4000,3000,0.61403,0,0,0,0
R-164-08,Healthy,train,4000,3000,0.56351,0,0,0,0
R-164-09,Healthy,train,4000,3000,0.47183,0,0,0,0
R-164-10,Healthy,train,4000,3000,0.67497,0,0,0,0
R-165-01,Benign,val,4000,3000,0.60427,1,0,0,0
R-165-02,Benign,val,4000,3000,0.64993,1,0,0,0
R-165-03,Benign,val,4000,3000,0.49273,1,0,0,0
R-165-04,Benign,val,4000,3000,0.52029,2,0,0,0
R-165-05,Benign,val,3000,4000,0.57057,1,0,0,0
R-166-01,OPMD,val,4000,3000,0.51528,1,0,0,0
R-166-02,OPMD,val,4000,3000,0.48603,2,0,0,0
R-166-03,OPMD,val,4000,3000,0.36029,1,0,0,0
R-166-04,OPMD,val,4000,3000,0.43799,2,0,0,0
R-167-01,OPMD,train,4000,3000,0.56768,2,0,0,0
R-167-02,OPMD,train,4000,3000,0.56494,3,0,0,0
R-167-03,OPMD,train,4000,3000,0.65798,3,0,0,0
R-167-04,OPMD,train,4000,3000,0.48159,2,0,0,0
R-167-05,OPMD,train,3000,4000,0.38307,1,0,0,0
R-167-06,OPMD,train,4000,3000,0.39421,2,0,0,0
R-167-07,OPMD,train,4000,3000,0.3556,2,0,0,0
R-167-08,OPMD,train,4000,3000,0.47762,2,0,0,0
R-168-01,OPMD,train,4000,3000,0.59462,4,0,0,0
R-168-02,OPMD,train,4000,3000,0.61883,1,0,0,0
R-168-03,Healthy,train,3000,4000,0.4889,0,0,0,0
R-168-04,OPMD,train,4000,3000,0.61288,4,0,0,0
R-168-05,OPMD,train,4000,3000,0.50842,1,0,0,0
R-168-06,OPMD,train,4000,3000,0.42434,1,0,0,0
R-168-07,OPMD,train,4000,3000,0.43768,1,0,0,0
R-168-08,OPMD,train,4000,3000,0.38459,1,0,0,0
R-168-09,OPMD,train,3000,4000,0.37867,1,0,0,0
R-169-01,Benign,train,4000,3000,0.18694,4,1,0,0
R-169-02,Benign,train,4000,3000,0.59805,3,0,0,0
R-169-03,Benign,train,4000,3000,0.38449,3,0,0,0
R-169-04,Benign,train,4000,3000,0.45862,4,0,0,0
R-169-05,Benign,train,4000,3000,0.42079,4,0,0,0
R-170-01,Benign,test,4000,3000,0.32078,1,0,0,0
R-170-02,Benign,test,4000,3000,0.67085,1,0,0,0
R-170-03,Healthy,test,3000,4000,0.46968,0,0,0,0
R-172-01,Benign,train,3000,4000,0.45672,1,0,0,0
R-172-02,Benign,train,4000,3000,0.68078,1,0,0,0
R-172-03,Benign,train,4000,3000,0.53614,1,0,0,0
R-172-04,Benign,train,4000,3000,0.49159,1,0,0,0
R-172-05,Benign,train,4000,3000,0.5595,1,0,0,0
R-173-01,Benign,train,4000,3000,0.23874,1,1,0,0
R-173-02,Benign,train,4000,3000,0.22435,1,1,0,0
R-173-03,Benign,train,4000,3000,0.75125,1,0,0,0
R-173-04,Benign,train,4000,3000,0.76172,1,0,0,0
R-173-05,Benign,train,4000,3000,0.64296,1,0,0,0
R-173-06,Healthy,train,3000,4000,0.61495,0,0,0,0
R-174-01,Benign,train,4000,3000,0.52391,1,0,0,0
R-174-02,Benign,train,4000,3000,0.50049,3,0,0,0
R-174-03,Benign,train,4000,3000,0.51071,2,0,0,0
R-174-04,Benign,train,4000,3000,0.59453,2,0,0,0
R-174-05,Healthy,train,4000,3000,0.51763,0,0,0,0
R-174-06,Healthy,train,3000,4000,0.61094,0,0,0,0
R-174-07,Benign,train,4000,3000,0.44579,1,0,0,0
R-174-08,Benign,train,4000,3000,0.35714,1,0,0,0
R-174-09,Benign,train,4000,3000,0.38136,1,0,0,0
R-175-01,Benign,train,4000,3000,0.7528,1,0,0,0
R-175-02,Benign,train,4000,3000,0.47233,1,0,0,0
R-175-03,Benign,train,4000,3000,0.5777,1,0,0,0
R-175-04,Benign,train,4000,3000,0.68975,1,0,0,0
R-175-05,Benign,train,4000,3000,0.77031,1,0,0,0
R-175-06,Healthy,train,4000,3000,0.42841,0,0,0,0
R-175-07,Healthy,train,3000,4000,0.37107,0,0,0,0
R-176-01,Benign,train,4000,3000,0.26102,2,0,0,0
R-176-02,Benign,train,4000,3000,0.29182,3,0,0,0
R-177-01,Healthy,test,4000,3000,0.31938,0,0,0,0
R-177-02,Healthy,test,4000,3000,0.24863,0,0,0,0
R-178-01,OPMD,val,4000,3000,0.73169,3,0,0,0
R-178-02,OPMD,val,4000,3000,0.46467,3,0,0,0
R-178-03,OPMD,val,4000,3000,0.49952,4,0,0,0
R-178-04,OPMD,val,4000,3000,0.52973,3,0,0,0
R-178-05,OPMD,val,3000,4000,0.45651,3,0,0,0
R-179-01,OPMD,test,4000,3000,0.6202,2,0,0,0
R-179-02,OPMD,test,4000,3000,0.78852,1,0,0,0
R-179-03,OPMD,test,4000,3000,0.82772,2,0,0,0
R-179-04,OPMD,test,4000,3000,0.73108,2,0,0,0
R-179-05,OPMD,test,3000,4000,0.3591,1,0,0,0
R-180-01,OPMD,train,4000,3000,0.5629,1,0,0,0
R-180-02,OPMD,train,4000,3000,0.62792,2,0,0,0
R-180-03,OPMD,train,4000,3000,0.78785,1,0,0,0
R-180-04,OPMD,train,4000,3000,0.6441,1,0,0,0
R-180-05,OPMD,train,3000,4000,0.44942,2,0,0,0
R-181-01,OCA,train,4000,3000,0.60269,1,0,0,0
R-181-02,OCA,train,4000,3000,0.56968,1,0,0,0
R-181-03,OCA,train,3000,4000,0.43243,1,0,0,0
R-182-01,OPMD,train,4000,3000,0.52408,2,0,0,0
R-182-02,OPMD,train,4000,3000,0.55759,5,0,0,0
R-182-03,OPMD,train,4000,3000,0.66476,3,0,0,0
R-182-04,OPMD,train,3000,4000,0.35051,1,0,0,0
R-182-05,OPMD,train,4000,3000,0.28338,1,0,0,0
R-182-06,OPMD,train,4000,3000,0.31192,1,0,0,0
R-182-07,OPMD,train,4000,3000,0.2135,1,1,0,1
R-183-01,OPMD,train,4000,3000,0.6053,3,0,0,0
R-183-02,OPMD,train,4000,3000,0.72752,3,0,0,0
R-183-03,OPMD,train,4000,3000,0.75513,2,0,0,0
R-183-04,OPMD,train,4000,3000,0.78368,4,0,0,0
R-183-05,OPMD,train,3000,4000,0.48678,3,0,0,0
R-183-06,OPMD,train,4000,3000,0.22494,6,1,0,1
R-183-07,OPMD,train,4000,3000,0.22358,6,1,0,1
R-184-01,Benign,train,4000,3000,0.52545,1,0,0,0
R-184-02,Benign,train,4000,3000,0.33882,2,0,0,0
R-184-03,Benign,train,4000,3000,0.64606,2,0,0,0
R-184-04,Benign,train,4000,3000,0.60009,2,0,0,0
R-184-05,Benign,train,4000,3000,0.48786,2,0,0,0
R-184-06,Healthy,train,3000,4000,0.55421,0,0,0,0
R-185-01,Benign,train,4000,3000,0.59969,3,0,0,0
R-185-02,Benign,train,4000,3000,0.67196,2,0,0,0
R-185-03,Benign,train,4000,3000,0.66858,3,0,0,0
R-185-04,Benign,train,4000,3000,0.54394,3,0,0,0
R-185-05,Benign,train,4000,3000,0.26409,4,0,0,0
R-185-06,Benign,train,4000,3000,0.68179,4,0,0,0
R-185-07,Benign,train,4000,3000,0.5724,2,0,0,0
R-185-08,Benign,train,4000,3000,0.77846,4,0,0,0
R-186-01,Benign,test,4000,3000,0.69815,1,0,0,0
R-187-01,OPMD,test,3000,4000,0.40695,1,0,0,0
R-187-02,OPMD,test,4000,3000,0.72971,3,0,0,0
R-187-03,OPMD,test,4000,3000,0.7356,2,0,0,0
R-187-04,OPMD,test,4000,3000,0.64536,3,0,0,0
R-187-05,OPMD,test,4000,3000,0.6458,3,0,0,0
R-188-01,Benign,val,4000,3000,0.17932,1,1,0,0
R-188-02,Benign,val,4000,3000,0.27099,1,0,0,0
R-189-01,OPMD,test,3000,4000,0.33012,2,0,0,0
R-189-02,OPMD,test,3000,4000,0.40442,1,0,0,0
R-190-01,Healthy,test,4000,3000,0.43171,0,0,0,0
R-190-02,Healthy,test,2560,1920,0.20925,0,1,0,0
R-190-03,Healthy,test,2560,1920,0.35578,0,0,0,0
R-190-04,Healthy,test,2560,1920,0.23982,0,1,0,0
R-190-05,Healthy,test,2560,1920,0.14277,0,1,0,0
R-191-01,Benign,train,3000,4000,0.76953,3,0,0,0
R-191-02,Benign,train,4000,3000,0.48029,1,0,0,0
R-191-03,Benign,train,4000,3000,0.5112,2,0,0,0
R-191-04,Benign,train,4000,3000,0.58677,3,0,0,0
R-191-05,Benign,train,4000,3000,0.54118,1,0,0,0
R-191-06,Benign,train,4000,3000,0.45072,2,0,0,0
R-192-01,OPMD,train,4000,3000,0.64135,2,0,0,0
R-192-02,OPMD,train,4000,3000,0.6663,1,0,0,0
R-192-03,OPMD,train,4000,3000,0.73613,1,0,0,0
R-192-04,OPMD,train,4000,3000,0.68281,1,0,0,0
R-192-05,OPMD,train,3000,4000,0.53929,2,0,0,0
R-192-06,OPMD,train,4000,3000,0.36054,1,0,0,0
R-192-07,OPMD,train,4000,3000,0.261,1,0,0,0
R-193-01,OPMD,train,4000,3000,0.68589,2,0,0,0
R-193-02,OPMD,train,4000,3000,0.74077,2,0,0,0
R-193-03,OPMD,train,4000,3000,0.71363,1,0,0,0
R-193-04,OPMD,train,4000,3000,0.58797,3,0,0,0
R-193-05,OPMD,train,3000,4000,0.53276,1,0,0,0
R-193-06,OPMD,train,4000,3000,0.48844,1,0,0,0
R-193-07,OPMD,train,4000,3000,0.17432,1,1,0,1
R-194-01,OCA,train,4000,3000,0.51008,1,0,0,0
R-194-02,OCA,train,4000,3000,0.43713,1,0,0,0
R-194-03,OCA,train,4000,3000,0.55177,1,0,0,0
R-194-04,OPMD,train,4000,3000,0.49434,1,0,0,0
R-194-05,Healthy,train,3000,4000,0.19264,0,1,0,0
R-195-01,OPMD,train,4000,3000,0.70894,1,0,0,0
R-195-02,OPMD,train,4000,3000,0.76617,1,0,0,0
R-195-03,OPMD,train,4000,3000,0.76034,2,0,0,0
R-195-04,OPMD,train,4000,3000,0.70796,2,0,0,0
R-195-05,OPMD,train,3000,4000,0.46178,1,0,0,0
R-195-06,OPMD,train,3000,4000,0.43595,1,0,0,0
R-195-07,OPMD,train,4000,3000,0.35817,2,0,0,0
R-195-08,OPMD,train,4000,3000,0.40337,1,0,0,0
R-196-01,OPMD,train,4000,3000,0.70574,1,0,0,0
R-196-02,OPMD,train,4000,3000,0.53947,1,0,0,0
R-196-03,OPMD,train,4000,3000,0.69903,2,0,0,0
R-196-04,OPMD,train,3000,4000,0.51118,1,0,0,0
R-196-05,OPMD,train,3000,4000,0.70579,2,0,0,0
R-196-06,OPMD,train,4000,3000,0.34679,3,0,0,0
R-196-07,OPMD,train,4000,3000,0.41725,1,0,0,0
R-197-01,Benign,train,4000,3000,0.19992,1,1,0,0
R-197-02,Benign,train,4000,3000,0.4798,1,0,0,0
R-197-03,Benign,train,3000,4000,0.29239,1,0,0,0
R-197-04,Benign,train,4000,3000,0.76133,1,0,0,0
R-197-05,Benign,train,4000,3000,0.51645,1,0,0,0
R-197-06,Benign,train,4000,3000,0.71341,1,0,0,0
R-198-01,OPMD,train,4000,3000,0.25619,1,0,0,0
R-198-02,OPMD,train,4000,3000,0.2441,2,1,0,1
R-198-03,OPMD,train,4000,3000,0.27572,2,0,0,0
R-198-04,OPMD,train,4000,3000,0.30977,1,0,0,0
R-198-05,OPMD,train,4000,3000,0.45979,3,0,0,0
R-198-06,OPMD,train,4000,3000,0.26182,3,0,0,0
R-199-01,Benign,train,4000,3000,0.61514,1,0,0,0
R-199-02,Benign,train,4000,3000,0.546,2,0,0,0
R-199-03,Benign,train,4000,3000,0.68249,1,0,0,0
R-199-04,Benign,train,4000,3000,0.38165,1,0,0,0
R-199-05,Healthy,train,3000,4000,0.62109,0,0,0,0
R-199-06,Benign,train,4000,3000,0.64506,1,0,0,0
R-200-01,Benign,train,4000,3000,0.62619,5,0,0,0
R-200-02,Benign,train,4000,3000,0.66383,5,0,0,0
R-200-03,Benign,train,4000,3000,0.68797,7,0,0,0
R-200-04,Benign,train,4000,3000,0.74794,4,0,0,0
R-200-05,Benign,train,3000,4000,0.76642,2,0,0,0
R-200-06,Benign,train,4000,3000,0.76776,6,0,0,0
R-200-07,Benign,train,3000,4000,0.16725,1,1,0,0
R-201-01,OPMD,test,4000,3000,0.6087,3,0,0,0
R-201-02,OPMD,test,4000,3000,0.7223,3,0,0,0
R-201-03,OPMD,test,4000,3000,0.83913,5,0,0,0
R-201-04,OPMD,test,4000,3000,0.71252,5,0,0,0
R-201-05,OPMD,test,3000,4000,0.64963,3,0,0,0
R-202-01,OPMD,train,4000,3000,0.73424,2,0,0,0
R-202-02,OPMD,train,4000,3000,0.45835,3,0,0,0
R-202-03,OPMD,train,4000,3000,0.62907,2,0,0,0
R-202-04,OPMD,train,3000,4000,0.36655,1,0,0,0
R-203-01,OPMD,train,4000,3000,0.63879,1,0,0,0
R-203-02,OPMD,train,4000,3000,0.54547,1,0,0,0
R-203-03,OPMD,train,4000,3000,0.61481,1,0,0,0
R-203-04,OPMD,train,4000,3000,0.63018,1,0,0,0
R-203-05,OPMD,train,3000,4000,0.5423,2,0,0,0
R-203-06,OPMD,train,3000,4000,0.65907,2,0,0,0
R-203-07,OPMD,train,4000,3000,0.27617,1,0,0,0
R-203-08,OPMD,train,4000,3000,0.35295,2,0,0,0
R-204-01,OPMD,train,4000,3000,0.74796,1,0,0,0
R-204-02,OPMD,train,4000,3000,0.75134,1,0,0,0
R-204-03,OPMD,train,4000,3000,0.63502,1,0,0,0
R-204-04,OPMD,train,4000,3000,0.8917,1,0,0,0
R-204-05,OPMD,train,4000,3000,0.65003,1,0,0,0
R-204-06,OPMD,train,4000,3000,0.5023,1,0,0,0
R-204-07,OPMD,train,3000,4000,0.42337,1,0,0,0
R-205-01,Healthy,test,3000,4000,0.75877,0,0,0,0
R-205-02,Healthy,test,4000,3000,0.90443,0,0,0,0
R-205-03,Healthy,test,4000,3000,0.84525,0,0,0,0
R-205-04,Healthy,test,4000,3000,0.78593,0,0,0,0
R-206-01,Benign,val,4000,3000,0.66263,2,0,0,0
R-206-02,Benign,val,4000,3000,0.64566,1,0,0,0
R-206-03,Benign,val,4000,3000,0.67471,1,0,0,0
R-207-01,Healthy,train,4000,3000,0.74917,0,0,0,0
R-207-02,Healthy,train,4000,3000,0.69013,0,0,0,0
R-207-03,Healthy,train,4000,3000,0.70194,0,0,0,0
R-207-04,Healthy,train,3000,4000,0.33688,0,0,0,0
R-207-05,Benign,train,3000,4000,0.45164,1,0,0,0
R-208-01,OPMD,train,4000,3000,0.85611,1,0,0,0
R-208-02,OPMD,train,4000,3000,0.76843,2,0,0,0
R-208-03,OPMD,train,4000,3000,0.78749,3,0,0,0
R-208-04,OPMD,train,4000,3000,0.697,3,0,0,0
R-208-05,OPMD,train,4000,3000,0.22277,2,1,0,1
R-208-06,OPMD,train,3000,4000,0.20897,1,1,0,1
R-209-01,OCA,train,4000,3000,0.88764,1,0,0,0
R-209-02,OCA,train,4000,3000,0.85312,1,0,0,0
R-209-03,OCA,train,4000,3000,0.57264,1,0,0,0
R-210-01,Benign,train,4000,3000,0.95219,2,0,0,0
R-210-02,Benign,train,4000,3000,0.73899,3,0,0,0
R-210-03,Benign,train,4000,3000,0.6628,4,0,0,0
R-210-04,Benign,train,4000,3000,0.71159,5,0,0,0
R-210-05,Benign,train,4000,3000,0.31668,1,0,0,0
R-210-06,Benign,train,3000,4000,0.57916,4,0,0,0
R-211-01,OPMD,train,4000,3000,0.79149,1,0,0,0
R-211-02,OPMD,train,4000,3000,0.64775,1,0,0,0
R-211-03,OPMD,train,4000,3000,0.62287,1,0,0,0
R-211-04,OPMD,train,3000,4000,0.56403,1,0,0,0
R-211-05,OPMD,train,3000,4000,0.61131,7,0,0,0
R-211-06,OPMD,train,3000,4000,0.68201,2,0,0,0
R-211-07,OPMD,train,4000,3000,0.42398,1,0,0,0
R-211-08,OPMD,train,4000,3000,0.31787,1,0,0,0
R-212-01,Healthy,train,4000,3000,0.42327,0,0,0,0
R-212-02,Healthy,train,4000,3000,0.59067,0,0,0,0
R-212-03,OPMD,train,4000,3000,0.3299,1,0,0,0
R-212-04,OPMD,train,4000,3000,0.60262,1,0,0,0
R-212-05,OPMD,train,4000,3000,0.58809,1,0,0,0
R-212-06,OPMD,train,4000,3000,0.20142,1,1,0,1
R-212-07,OPMD,train,4000,3000,0.27327,1,0,0,0
R-213-01,Benign,val,3000,4000,0.17237,1,1,0,0
R-213-02,Benign,val,4000,3000,0.78849,1,0,0,0
R-214-01,OPMD,train,4000,3000,0.72329,1,0,0,0
R-214-02,OPMD,train,4000,3000,0.75743,1,0,0,0
R-214-03,OPMD,train,4000,3000,0.72254,3,0,0,0
R-214-04,OPMD,train,4000,3000,0.64285,1,0,0,0
R-214-05,OPMD,train,4000,3000,0.46218,1,0,0,0
R-214-06,OPMD,train,4000,3000,0.56951,1,0,0,0
R-214-07,OPMD,train,3000,4000,0.38696,1,0,0,0
R-214-08,OPMD,train,3000,4000,0.29395,1,0,0,0
R-215-01,Benign,val,3000,4000,0.35523,1,0,0,0
R-215-02,Benign,val,3000,4000,0.47501,1,0,0,0
R-215-03,Benign,val,3000,4000,0.52239,1,0,0,0
R-215-04,Benign,val,4000,3000,0.3666,1,0,0,0
R-216-01,Benign,train,3000,4000,0.34799,1,0,0,0
R-216-02,OPMD,train,4000,3000,0.31451,1,0,0,0
R-216-03,OPMD,train,4000,3000,0.27856,1,0,0,0
R-216-04,OPMD,train,4000,3000,0.74935,1,0,0,0
R-216-05,OPMD,train,4000,3000,0.56274,1,0,0,0
R-216-06,OPMD,train,4000,3000,0.55128,1,0,0,0
R-217-01,OPMD,test,4000,3000,0.50468,2,0,0,0
R-217-02,OPMD,test,4000,3000,0.74615,2,0,0,0
R-217-03,OPMD,test,4000,3000,0.53208,2,0,0,0
R-217-04,OPMD,test,4000,3000,0.5067,2,0,0,0
R-217-05,OPMD,test,3000,4000,0.55412,3,0,0,0
R-218-01,OPMD,train,4000,3000,0.62499,3,0,0,0
R-218-02,OPMD,train,4000,3000,0.62638,1,0,0,0
R-218-03,OPMD,train,4000,3000,0.41654,1,0,0,0
R-218-04,OPMD,train,3000,4000,0.28958,1,0,0,0
R-218-05,OPMD,train,4000,3000,0.1551,1,1,0,1
R-218-06,OPMD,train,4000,3000,0.10115,1,1,0,1
R-219-01,OPMD,train,3000,4000,0.47137,1,0,0,0
R-219-02,OPMD,train,4000,3000,0.3793,1,0,0,0
R-219-03,OPMD,train,4000,3000,0.45363,1,0,0,0
R-219-04,OPMD,train,4000,3000,0.29848,1,0,0,0
R-219-05,OPMD,train,4000,3000,0.46773,3,0,0,0
R-219-06,OPMD,train,4000,3000,0.54196,2,0,0,0
R-219-07,OPMD,train,4000,3000,0.55846,2,0,0,0
R-219-08,OPMD,train,4000,3000,0.64377,2,0,0,0
R-219-09,OPMD,train,4000,3000,0.80542,1,0,0,0
R-219-10,OPMD,train,4000,3000,0.5082,1,0,0,0
R-219-11,OPMD,train,4000,3000,0.50803,2,0,0,0
R-219-12,OPMD,train,4000,3000,0.33477,2,0,0,0
R-219-13,OPMD,train,4000,3000,0.43506,2,0,0,0
R-219-14,OPMD,train,4000,3000,0.59865,2,0,0,0
R-220-01,Benign,train,4000,3000,0.62166,2,0,0,0
R-220-02,Benign,train,4000,3000,0.46967,1,0,0,0
R-220-03,Healthy,train,4000,3000,0.51692,0,0,0,0
R-220-04,Benign,train,3000,4000,0.33972,1,0,0,0
R-221-01,Benign,train,4000,3000,0.76445,3,0,0,0
R-221-02,Benign,train,4000,3000,0.76302,2,0,0,0
R-221-03,Benign,train,4000,3000,0.61262,3,0,0,0
R-221-04,Benign,train,4000,3000,0.28453,1,0,0,0
R-221-05,Benign,train,3000,4000,0.69389,2,0,0,0
R-221-06,Benign,train,4000,3000,0.34175,2,0,0,0
R-221-07,Healthy,train,4000,3000,0.62599,0,0,0,0
R-223-01,OPMD,train,4000,3000,0.82141,1,0,0,0
R-223-02,OPMD,train,4000,3000,0.83094,1,0,0,0
R-223-03,OPMD,train,4000,3000,0.66093,2,0,0,0
R-223-04,OPMD,train,4000,3000,0.74437,1,0,0,0
R-223-05,OPMD,train,4000,3000,0.68002,1,0,0,0
R-223-06,OPMD,train,4000,3000,0.74478,1,0,0,0
R-223-07,OPMD,train,3000,4000,0.49106,1,0,0,0
R-223-08,OPMD,train,4000,3000,0.46518,1,0,0,0
R-223-09,OPMD,train,4000,3000,0.49308,1,0,0,0
R-223-10,OPMD,train,4000,3000,0.44971,2,0,0,0
R-224-01,OPMD,train,4000,3000,0.55916,2,0,0,0
R-224-02,OPMD,train,4000,3000,0.70793,1,0,0,0
R-224-03,OPMD,train,4000,3000,0.81407,2,0,0,0
R-224-04,OPMD,train,4000,3000,0.6224,1,0,0,0
R-224-05,Healthy,train,4000,3000,0.49036,0,0,0,0
R-224-06,Healthy,train,3000,4000,0.52588,0,0,0,0
R-225-01,OPMD,train,4000,3000,0.83439,2,0,0,0
R-225-02,OPMD,train,4000,3000,0.76687,2,0,0,0
R-225-03,OPMD,train,4000,3000,0.91188,2,0,0,0
R-225-04,OPMD,train,4000,3000,0.67688,3,0,0,0
R-225-05,OPMD,train,4000,3000,0.66015,3,0,0,0
R-225-06,OPMD,train,3000,4000,0.55205,2,0,0,0
R-225-07,OPMD,train,4000,3000,0.16662,2,1,0,1
R-225-08,OPMD,train,4000,3000,0.15889,1,1,0,1
R-225-09,OPMD,train,4000,3000,0.28551,2,0,0,0
R-225-10,OPMD,train,4000,3000,0.55594,3,0,0,0
R-226-01,OPMD,train,4000,3000,0.65822,1,0,0,0
R-226-02,OPMD,train,4000,3000,0.60171,1,0,0,0
R-226-03,OPMD,train,4000,3000,0.68108,1,0,0,0
R-226-04,OPMD,train,4000,3000,0.69749,1,0,0,0
R-226-05,OPMD,train,3000,4000,0.45877,1,0,0,0
R-226-06,OPMD,train,4000,3000,0.34924,1,0,0,0
R-226-07,OPMD,train,4000,3000,0.41542,1,0,0,0
R-227-01,Healthy,test,4000,3000,0.78744,0,0,0,0
R-227-02,Healthy,test,4000,3000,0.88245,0,0,0,0
R-227-03,Healthy,test,4000,3000,0.68063,0,0,0,0
R-227-04,Healthy,test,3000,4000,0.60916,0,0,0,0
R-227-05,Benign,test,4000,3000,0.40547,1,0,0,0
R-228-01,OPMD,train,4000,3000,0.6955,1,0,0,0
R-228-02,OPMD,train,4000,3000,0.78206,1,0,0,0
R-228-03,OPMD,train,4000,3000,0.9057,1,0,0,0
R-228-04,OPMD,train,4000,3000,0.87094,1,0,0,0
R-228-05,OPMD,train,4000,3000,0.90151,1,0,0,0
R-228-06,OPMD,train,3000,4000,0.43957,1,0,0,0
R-229-01,Benign,train,4000,3000,0.36083,1,0,0,0
R-229-02,Benign,train,4000,3000,0.44847,1,0,0,0
R-230-01,Benign,train,3000,4000,0.32815,2,0,0,0
R-230-02,Benign,train,3000,4000,0.47516,2,0,0,0
R-230-03,Benign,train,4000,3000,0.58232,3,0,0,0
R-230-04,Benign,train,4000,3000,0.46754,3,0,0,0
R-230-05,Benign,train,4000,3000,0.71757,2,0,0,0
R-230-06,Benign,train,4000,3000,0.71485,2,0,0,0
R-230-07,Benign,train,4000,3000,0.3495,1,0,0,0
R-230-08,Benign,train,4000,3000,0.34473,3,0,0,0
R-230-09,Benign,train,4000,3000,0.42878,2,0,0,0
R-231-01,OPMD,train,4000,3000,0.75844,3,0,0,0
R-231-02,OPMD,train,4000,3000,0.84194,3,0,0,0
R-231-03,OPMD,train,4000,3000,0.73692,2,0,0,0
R-231-04,OPMD,train,4000,3000,0.5718,1,0,0,0
R-231-05,OPMD,train,4000,3000,0.77911,1,0,0,0
R-231-06,OPMD,train,3000,4000,0.42,1,0,0,0
R-232-01,Benign,train,2448,3264,0.53893,1,0,0,0
R-232-02,Benign,train,3000,4000,0.39684,1,0,0,0
R-232-03,Benign,train,4000,3000,0.76652,2,0,0,0
R-232-04,Benign,train,4000,3000,0.74242,1,0,0,0
R-232-05,Benign,train,4000,3000,0.74159,2,0,0,0
R-232-06,Healthy,train,3000,4000,0.66348,0,0,0,0
R-233-01,Benign,test,4000,3000,0.26492,1,0,0,0
R-233-02,Benign,test,4000,3000,0.26843,1,0,0,0
R-234-01,OPMD,train,4000,3000,0.79409,6,0,0,0
R-234-02,OPMD,train,4000,3000,0.60661,5,0,0,0
R-234-03,OPMD,train,4000,3000,0.71599,3,0,0,0
R-234-04,OPMD,train,4000,3000,0.59794,1,0,0,0
R-234-05,OPMD,train,4000,3000,0.72318,2,0,0,0
R-234-06,OPMD,train,3000,4000,0.36173,2,0,0,0
R-235-01,Benign,train,4000,3000,0.39264,3,0,0,0
R-235-02,Benign,train,4000,3000,0.70481,3,0,0,0
R-235-03,Benign,train,4000,3000,0.85884,2,0,0,0
R-235-04,Benign,train,4000,3000,0.73423,2,0,0,0
R-235-05,Benign,train,4000,3000,0.6039,2,0,0,0
R-235-06,Benign,train,4000,3000,0.64777,2,0,0,0
R-235-07,Benign,train,3000,4000,0.38757,2,0,0,0
R-235-08,Benign,train,4000,3000,0.47622,2,0,0,0
R-236-01,Benign,val,3000,4000,0.4776,1,0,0,0
R-236-02,Benign,val,3000,4000,0.65896,1,0,0,0
R-237-01,OPMD,train,4000,3000,0.77198,1,0,0,0
R-237-02,OPMD,train,4000,3000,0.71536,1,0,0,0
R-237-03,OPMD,train,4000,3000,0.44981,1,0,0,0
R-237-04,OPMD,train,4000,3000,0.37331,1,0,0,0
R-237-05,OPMD,train,3000,4000,0.21964,1,1,0,1
R-237-06,OPMD,train,4000,3000,0.14071,1,1,0,1
R-237-07,OPMD,train,4000,3000,0.26998,1,0,0,0
R-238-01,Benign,test,3000,4000,0.40521,1,0,0,0
R-238-02,Benign,test,3000,4000,0.41469,1,0,0,0
R-238-03,Benign,test,3000,4000,0.3395,1,0,0,0
R-238-04,Healthy,test,4000,3000,0.58451,0,0,0,0
R-238-05,Benign,test,4000,3000,0.50039,1,0,0,0
R-239-01,OPMD,train,4000,3000,0.71297,1,0,0,0
R-239-02,OPMD,train,4000,3000,0.72077,1,0,0,0
R-239-03,OPMD,train,4000,3000,0.69001,1,0,0,0
R-239-04,OPMD,train,4000,3000,0.78482,2,0,0,0
R-239-05,OPMD,train,3000,4000,0.57343,2,0,0,0
R-239-06,OPMD,train,4000,3000,0.91256,1,0,0,0
R-239-07,OPMD,train,4000,3000,0.44039,1,0,0,0
R-240-01,Benign,train,4000,3000,0.58335,1,0,0,0
R-240-02,Healthy,train,3000,4000,0.41508,0,0,0,0
R-240-03,Benign,train,4000,3000,0.54075,1,0,0,0
R-240-04,Healthy,train,4000,3000,0.754,0,0,0,0
R-240-05,Healthy,train,4000,3000,0.58476,0,0,0,0
R-241-01,OPMD,val,4000,3000,0.52164,1,0,0,0
R-241-02,OPMD,val,4000,3000,0.20604,1,1,0,1
R-241-03,OPMD,val,3000,4000,0.21934,1,1,0,1
R-241-04,OPMD,val,3000,4000,0.17799,1,1,0,1
R-241-05,OPMD,val,3000,4000,0.18408,1,1,0,1
R-242-01,OCA,test,4000,3000,0.62619,1,0,0,0
R-242-02,OCA,test,4000,3000,0.582,1,0,0,0
R-243-01,OPMD,train,4000,3000,0.63279,1,0,0,0
R-243-02,OPMD,train,4000,3000,0.65589,1,0,0,0
R-243-03,OPMD,train,4000,3000,0.80525,1,0,0,0
R-243-04,OPMD,train,4000,3000,0.81145,1,0,0,0
R-243-05,OPMD,train,4000,3000,0.57454,1,0,0,0
R-243-06,OPMD,train,4000,3000,0.44372,2,0,0,0
R-243-07,OPMD,train,3000,4000,0.37976,1,0,0,0
R-243-08,OPMD,train,3000,4000,0.50848,1,0,0,0
R-243-09,OPMD,train,4000,3000,0.17847,1,1,0,1
R-243-10,OPMD,train,4000,3000,0.49528,1,0,0,0
R-243-11,OPMD,train,4000,3000,0.35865,1,0,0,0
R-244-01,OPMD,train,4000,3000,0.58204,3,0,0,0
R-244-02,OPMD,train,4000,3000,0.40523,3,0,0,0
R-244-03,OPMD,train,4000,3000,0.3945,5,0,0,0
R-244-04,OPMD,train,4000,3000,0.43658,3,0,0,0
R-244-05,OPMD,train,4000,3000,0.54787,2,0,0,0
R-244-06,OPMD,train,4000,3000,0.42714,2,0,0,0
R-244-07,OPMD,train,3000,4000,0.33619,1,0,0,0
R-244-08,OPMD,train,3000,4000,0.47307,1,0,0,0
R-244-09,OPMD,train,4000,3000,0.4347,1,0,0,0
R-244-10,OPMD,train,4000,3000,0.37822,1,0,0,0
R-245-01,Benign,train,3000,4000,0.48085,1,0,0,0
R-245-02,Benign,train,3000,4000,0.49006,1,0,0,0
R-245-03,Benign,train,3000,4000,0.36759,1,0,0,0
R-245-04,Healthy,train,4000,3000,0.68632,0,0,0,0
R-245-05,Healthy,train,4000,3000,0.50445,0,0,0,0
R-245-06,Healthy,train,4000,3000,0.52276,0,0,0,0
R-245-07,Healthy,train,4000,3000,0.68662,0,0,0,0
R-246-01,OPMD,train,3000,4000,0.49236,1,0,0,0
R-246-02,OPMD,train,3000,4000,0.78608,1,0,0,0
R-246-03,OPMD,train,4000,3000,0.62875,1,0,0,0
R-246-04,OPMD,train,4000,3000,0.6205,1,0,0,0
R-246-05,OPMD,train,4000,3000,0.73422,1,0,0,0
R-246-07,Healthy,train,4000,3000,0.67316,0,0,0,0
R-246-08,OPMD,train,4000,3000,0.68611,1,0,0,0
R-246-09,Benign,train,3000,4000,0.39552,1,0,0,0
R-247-01,Benign,val,3000,4000,0.38301,1,0,0,0
R-247-02,Benign,val,3000,4000,0.41624,1,0,0,0
R-247-03,Benign,val,3000,4000,0.49115,1,0,0,0
R-247-04,Benign,val,3000,4000,0.26997,1,0,0,0
R-248-01,OPMD,train,4000,3000,0.49995,1,0,0,0
R-248-02,OPMD,train,4000,3000,0.44567,1,0,0,0
R-248-03,OPMD,train,4000,3000,0.26043,1,0,0,0
R-248-04,OPMD,train,4000,3000,0.30788,1,0,0,0
R-248-05,OPMD,train,3000,4000,0.38431,1,0,0,0
R-248-06,OPMD,train,4000,3000,0.23352,1,1,0,1
R-248-07,OPMD,train,4000,3000,0.30395,1,0,0,0
R-248-08,OPMD,train,4000,3000,0.33575,1,0,0,0
R-249-01,OPMD,train,3000,4000,0.65364,1,0,0,0
R-249-02,OPMD,train,3000,4000,0.66608,1,0,0,0
R-249-03,OPMD,train,3000,4000,0.68383,1,0,0,0
R-249-04,OPMD,train,3000,4000,0.44663,1,0,0,0
R-249-05,OPMD,train,3000,4000,0.42074,1,0,0,0
R-249-06,OPMD,train,3000,4000,0.21277,1,1,0,1
R-249-07,OPMD,train,3000,4000,0.34868,2,0,0,0
R-251-01,OPMD,train,4000,3000,0.55838,1,0,0,0
R-251-02,OPMD,train,4000,3000,0.78294,1,0,0,0
R-251-03,OPMD,train,4000,3000,0.83871,2,0,0,0
R-251-04,OPMD,train,4000,3000,0.92118,1,0,0,0
R-252-01,OCA,train,3000,4000,0.51891,1,0,0,0
R-252-02,OCA,train,3000,4000,0.63551,1,0,0,0
R-252-03,OCA,train,3000,4000,0.62092,1,0,0,0
R-252-04,OCA,train,3000,4000,0.68693,1,0,0,0
R-252-05,OCA,train,3000,4000,0.38628,1,0,0,0
R-252-06,OCA,train,3000,4000,0.48075,1,0,0,0
R-252-07,Benign,train,3000,4000,0.27512,1,0,0,0
R-252-08,Benign,train,3000,4000,0.30212,1,0,0,0
R-253-01,Healthy,train,3000,4000,0.37686,0,0,0,0
R-253-02,Healthy,train,4000,3000,0.35289,0,0,0,0
R-253-03,Healthy,train,4000,3000,0.43637,0,0,0,0
R-253-04,Healthy,train,4000,3000,0.40056,0,0,0,0
R-253-05,Healthy,train,3000,4000,0.3719,0,0,0,0
R-254-01,Benign,val,4000,3000,0.16325,1,1,0,0
R-254-02,Benign,val,4000,3000,0.18848,1,1,0,0
R-254-03,Benign,val,4000,3000,0.23812,1,1,0,0
R-254-04,Benign,val,4000,3000,0.26746,1,0,0,0
R-255-01,OPMD,test,4000,3000,0.76946,1,0,0,0
R-255-02,OPMD,test,4000,3000,0.85888,1,0,0,0
R-255-03,OPMD,test,4000,3000,0.65533,1,0,0,0
R-255-04,OPMD,test,4000,3000,0.44072,1,0,0,0
R-255-05,OPMD,test,4000,3000,0.43876,1,0,0,0
R-256-01,OPMD,test,4000,3000,0.35514,1,0,0,0
R-256-02,OPMD,test,4000,3000,0.36519,1,0,0,0
R-256-03,OPMD,test,4000,3000,0.27303,1,0,0,0
R-257-01,Benign,train,3000,4000,0.6072,2,0,0,0
R-257-02,Benign,train,3000,4000,0.42169,2,0,0,0
R-257-03,Benign,train,3000,4000,0.22651,1,1,0,0
R-257-04,Benign,train,4000,3000,0.52573,2,0,0,0
R-257-05,Benign,train,4000,3000,0.69489,1,0,0,0
R-257-06,Benign,train,4000,3000,0.49497,2,0,0,0
R-257-07,Benign,train,4000,3000,0.5548,2,0,0,0
R-258-01,OPMD,test,3000,4000,0.54235,1,0,0,0
R-258-02,OPMD,test,4000,3000,0.80895,1,0,0,0
R-258-03,OPMD,test,4000,3000,0.58515,1,0,0,0
R-259-01,OPMD,train,4000,3000,0.82655,1,0,0,0
R-259-02,OPMD,train,4000,3000,0.7297,1,0,0,0
R-259-03,Healthy,train,4000,3000,0.69252,0,0,0,0
R-259-04,OPMD,train,4000,3000,0.62356,1,0,0,0
R-259-05,OPMD,train,4000,3000,0.6848,1,0,0,0
R-259-06,OPMD,train,3000,4000,0.37488,1,0,0,0
R-259-07,OPMD,train,3000,4000,0.32304,1,0,0,0
R-259-08,OPMD,train,3000,4000,0.61284,1,0,0,0
R-259-09,OPMD,train,3000,4000,0.70375,1,0,0,0
R-259-10,OPMD,train,3000,4000,0.81554,3,0,0,0
R-259-11,Healthy,train,3000,4000,0.32641,0,0,0,0
R-260-01,OPMD,train,4000,3000,0.50334,3,0,0,0
R-260-02,OPMD,train,4000,3000,0.40481,2,0,0,0
R-260-03,OPMD,train,4000,3000,0.67887,1,0,0,0
R-260-04,Healthy,train,4000,3000,0.86674,0,0,0,0
R-260-05,Healthy,train,3000,4000,0.51687,0,0,0,0
R-261-01,OPMD,train,4000,3000,0.87442,1,0,0,0
R-261-02,OPMD,train,4000,3000,0.73984,1,0,0,0
R-261-03,OPMD,train,4000,3000,0.76414,1,0,0,0
R-261-04,OPMD,train,4000,3000,0.61845,1,0,0,0
R-261-05,OPMD,train,4000,3000,0.50319,1,0,0,0
R-261-06,OPMD,train,3000,4000,0.50114,1,0,0,0
R-261-07,OPMD,train,4000,3000,0.44842,1,0,0,0
R-261-08,OPMD,train,4000,3000,0.27545,1,0,0,0
R-261-09,OPMD,train,4000,3000,0.33911,1,0,0,0
R-261-10,OPMD,train,4000,3000,0.43814,1,0,0,0
R-261-11,OPMD,train,4000,3000,0.51568,1,0,0,0
R-262-01,Benign,train,4000,3000,0.85862,3,0,0,0
R-262-02,Benign,train,4000,3000,0.84218,3,0,0,0
R-262-03,Benign,train,4000,3000,0.76038,2,0,0,0
R-262-04,Benign,train,4000,3000,0.75963,2,0,0,0
R-262-05,Benign,train,4000,3000,0.62556,3,0,0,0
R-262-06,Benign,train,4000,3000,0.52814,3,0,0,0
R-262-07,Benign,train,3000,4000,0.30005,2,0,0,0
R-262-08,Benign,train,4000,3000,0.5839,1,0,0,0
R-262-09,Benign,train,4000,3000,0.42312,2,0,0,0
R-262-10,Benign,train,3000,4000,0.31909,1,0,0,0
R-263-01,Benign,train,3000,4000,0.66907,1,0,0,0
R-263-02,Benign,train,3000,4000,0.64696,1,0,0,0
R-263-03,Benign,train,4000,3000,0.80786,1,0,0,0
R-263-04,Benign,train,4000,3000,0.66444,1,0,0,0
R-263-05,Benign,train,4000,3000,0.44811,1,0,0,0
R-263-06,Benign,train,4000,3000,0.39923,2,0,0,0
R-263-07,Benign,train,3000,4000,0.59292,1,0,0,0
R-263-08,Healthy,train,3000,4000,0.40315,0,0,0,0
R-264-01,Benign,test,3000,4000,0.05852,1,1,0,0
R-264-02,Benign,test,3000,4000,0.09727,1,1,0,0
R-264-03,Benign,test,3000,4000,0.11243,1,1,0,0
R-264-04,Benign,test,3000,4000,0.1321,1,1,0,0
R-265-01,OPMD,val,4000,3000,0.62391,1,0,0,0
R-265-02,OPMD,val,4000,3000,0.70653,1,0,0,0
R-265-03,OPMD,val,4000,3000,0.72408,1,0,0,0
R-265-04,OPMD,val,4000,3000,0.7923,3,0,0,0
R-265-05,Benign,val,3000,4000,0.61535,1,0,0,0
R-266-01,OPMD,train,4000,3000,0.36465,1,0,0,0
R-266-02,OPMD,train,4000,3000,0.35006,1,0,0,0
R-266-03,OPMD,train,3000,4000,0.32036,3,0,0,0
R-266-04,OPMD,train,4000,3000,0.7621,1,0,0,0
R-266-05,OPMD,train,4000,3000,0.77702,1,0,0,0
R-266-06,OPMD,train,4000,3000,0.76753,1,0,0,0
R-267-01,Benign,val,3000,4000,0.19056,1,1,0,0
R-267-02,Benign,val,3000,4000,0.29224,1,0,0,0
R-267-03,Benign,val,3000,4000,0.45313,1,0,0,0
R-268-01,OPMD,train,3000,4000,0.31812,1,0,0,0
R-268-02,OPMD,train,3000,4000,0.27885,1,0,0,0
R-268-03,OPMD,train,3000,4000,0.3503,1,0,0,0
R-268-04,OPMD,train,4000,3000,0.82626,3,0,0,0
R-268-05,OPMD,train,4000,3000,0.70145,1,0,0,0
R-268-06,OPMD,train,4000,3000,0.55278,1,0,0,0
R-268-07,OPMD,train,4000,3000,0.64206,2,0,0,0
R-268-08,OPMD,train,4000,3000,0.87383,3,0,0,0
R-269-01,Benign,train,4000,3000,0.70994,3,0,0,0
R-269-02,Benign,train,4000,3000,0.42171,3,0,0,0
R-269-03,Benign,train,4000,3000,0.54304,3,0,0,0
R-269-04,Benign,train,3000,4000,0.64661,3,0,0,0
R-270-01,OPMD,train,4000,3000,0.92725,1,0,0,0
R-270-02,OPMD,train,4000,3000,0.94069,1,0,0,0
R-270-03,OPMD,train,4000,3000,0.65301,1,0,0,0
R-270-04,OPMD,train,4000,3000,0.64139,1,0,0,0
R-270-05,OPMD,train,4000,3000,0.54951,1,0,0,0
R-270-06,OPMD,train,3000,4000,0.40274,1,0,0,0
R-270-07,OPMD,train,3000,4000,0.48831,1,0,0,0
R-270-08,OPMD,train,4000,3000,0.34078,2,0,0,0
R-270-09,OPMD,train,4000,3000,0.29731,2,0,0,0
R-270-10,OPMD,train,4000,3000,0.16636,1,1,0,1
R-270-11,OPMD,train,4000,3000,0.28162,1,0,0,0
R-271-01,Benign,train,4000,3000,0.48421,1,0,0,0
R-271-02,Benign,train,4000,3000,0.35869,1,0,0,0
R-271-03,Benign,train,4000,3000,0.54925,1,0,0,0
R-271-04,Benign,train,4000,3000,0.63218,1,0,0,0
R-271-05,Benign,train,4000,3000,0.44578,1,0,0,0
R-271-06,Benign,train,4000,3000,0.46848,1,0,0,0
R-271-07,Benign,train,4000,3000,0.67709,1,0,0,0
R-271-08,Healthy,train,4000,3000,0.61254,0,0,0,0
R-271-09,Benign,train,4000,3000,0.56226,1,0,0,0
R-271-10,Healthy,train,3000,4000,0.48212,0,0,0,0
R-272-01,OPMD,train,4000,3000,0.57796,1,0,0,0
R-272-02,OPMD,train,4000,3000,0.71701,1,0,0,0
R-272-03,OPMD,train,4000,3000,0.44392,1,0,0,0
R-272-04,OPMD,train,4000,3000,0.37102,1,0,0,0
R-272-05,OPMD,train,4000,3000,0.30179,1,0,0,0
R-272-06,OPMD,train,3000,4000,0.37775,1,0,0,0
R-272-07,OPMD,train,3000,4000,0.2888,2,0,0,0
R-272-08,OPMD,train,4000,3000,0.40915,2,0,0,0
R-272-09,OPMD,train,4000,3000,0.41629,1,0,0,0
R-273-01,Benign,train,4000,3000,0.89499,1,0,0,0
R-273-02,Benign,train,4000,3000,0.92032,1,0,0,0
R-273-03,Benign,train,4000,3000,0.74924,2,0,0,0
R-273-04,Benign,train,4000,3000,0.62844,1,0,0,0
R-273-05,Healthy,train,3000,4000,0.42471,0,0,0,0
R-273-06,Benign,train,3000,4000,0.61611,1,0,0,0
R-273-07,Benign,train,3000,4000,0.60919,1,0,0,0
R-273-08,Benign,train,3000,4000,0.95819,1,0,0,0
R-273-09,Benign,train,3000,4000,0.47523,1,0,0,0
R-273-10,Benign,train,3000,4000,0.43441,1,0,0,0
R-274-01,OCA,train,4000,3000,0.74473,1,0,0,0
R-274-02,OCA,train,4000,3000,0.73225,1,0,0,0
R-274-03,OCA,train,4000,3000,0.89747,1,0,0,0
R-274-04,OCA,train,3000,4000,0.65891,1,0,0,0
R-274-05,OCA,train,3000,4000,0.74025,1,0,0,0
R-274-06,OCA,train,3000,4000,0.89434,1,0,0,0
R-274-07,OCA,train,3000,4000,0.85958,1,0,0,0
N-256-01,Benign,train,2448,3264,0.2898,1,0,0,0
N-256-02,Benign,train,3264,2448,0.49243,1,0,0,0
N-256-03,Benign,train,3264,2448,0.547,2,0,0,0
N-256-04,Benign,train,3264,2448,0.61585,1,0,0,0
N-256-05,Benign,train,3264,2448,0.4276,1,0,0,0
N-256-06,Benign,train,3264,2448,0.39765,1,0,0,0
N-257-01,OPMD,train,2448,3264,0.47472,3,0,0,0
N-257-02,OPMD,train,3264,2448,0.63569,1,0,0,0
N-257-03,OPMD,train,3264,2448,0.77899,2,0,0,0
N-257-04,OPMD,train,3264,2448,0.82928,1,0,0,0
N-257-05,Healthy,train,2448,3264,0.59852,0,0,0,0
N-257-06,Healthy,train,2448,3264,0.59909,0,0,0,0
N-258-01,Healthy,train,3264,2448,0.6666,0,0,0,0
N-258-02,OPMD,train,3264,2448,0.50065,1,0,0,0
N-258-03,OPMD,train,3264,2448,0.8896,1,0,0,0
N-258-04,OPMD,train,3264,2448,0.87508,1,0,0,0
N-258-05,OPMD,train,3264,2448,0.47681,3,0,0,0
N-258-06,OPMD,train,3264,2448,0.75595,3,0,0,0
N-259-01,OCA,train,2448,3264,0.49571,1,0,0,0
N-259-02,OCA,train,3264,2448,0.48782,1,0,0,0
N-259-03,OPMD,train,3264,2448,0.79301,1,0,0,0
N-259-04,OPMD,train,3264,2448,0.77355,1,0,0,0
N-259-05,OPMD,train,3264,2448,0.61724,1,0,0,0
N-259-06,OPMD,train,3264,2448,0.27721,1,0,0,0
N-259-07,Healthy,train,3264,2448,0.38187,0,0,0,0
N-259-08,OPMD,train,3264,2448,0.48571,1,0,0,0
N-259-09,OPMD,train,3264,2448,0.36449,1,0,0,0
N-259-10,OPMD,train,3264,2448,0.47582,1,0,0,0
N-260-01,OPMD,train,2448,3264,0.34855,1,0,0,0
N-260-02,OPMD,train,3264,2448,0.49253,1,0,0,0
N-260-03,OPMD,train,3264,2448,0.39976,1,0,0,0
N-260-04,OPMD,train,3264,2448,0.44675,1,0,0,0
N-260-05,OPMD,train,3264,2448,0.47337,1,0,0,0
N-260-06,OPMD,train,3264,2448,0.51578,1,0,0,0
N-260-07,OPMD,train,3264,2448,0.43217,1,0,0,0
N-261-01,Benign,train,2448,3264,0.46006,1,0,0,0
N-261-02,Benign,train,2448,3264,0.11955,1,1,0,0
N-261-03,Benign,train,2448,3264,0.11628,1,1,0,0
N-261-04,Benign,train,2448,3264,0.4362,1,0,0,0
N-261-05,Benign,train,2448,3264,0.38321,1,0,0,0
N-261-06,Benign,train,2448,3264,0.43393,1,0,0,0
N-261-07,Healthy,train,2448,3264,0.42913,0,0,0,0
N-262-01,Benign,train,2448,3264,0.39891,1,0,0,0
N-262-02,Healthy,train,3264,2448,0.53772,0,0,0,0
N-262-03,Healthy,train,3264,2448,0.37588,0,0,0,0
N-262-04,Healthy,train,3264,2448,0.34087,0,0,0,0
N-262-05,Healthy,train,3264,2448,0.57407,0,0,0,0
N-263-01,Benign,train,3264,2448,0.28284,3,0,0,0
N-263-02,Benign,train,3264,2448,0.69685,3,0,0,0
N-263-03,Benign,train,3264,2448,0.72416,4,0,0,0
N-263-04,Benign,train,3264,2448,0.60124,3,0,0,0
N-263-05,Benign,train,3264,2448,0.48235,2,0,0,0
N-263-06,Benign,train,3264,2448,0.47789,1,0,0,0
N-263-07,Benign,train,2448,3264,0.59757,1,0,0,0
N-263-08,Benign,train,3264,2448,0.17917,2,1,0,0
N-264-01,OPMD,train,3264,2448,0.23858,1,1,0,1
N-264-02,OPMD,train,3264,2448,0.62688,1,0,0,0
N-264-03,OPMD,train,3264,2448,0.61256,1,0,0,0
N-264-04,OPMD,train,3264,2448,0.65509,2,0,0,0
N-264-05,Healthy,train,3264,2448,0.5457,0,0,0,0
N-264-06,OPMD,train,3264,2448,0.62907,1,0,0,0
N-264-07,OPMD,train,3264,2448,0.46086,2,0,0,0
N-264-08,OPMD,train,2448,3264,0.27428,2,0,0,0
N-264-09,OPMD,train,2448,3264,0.10284,1,1,0,1
N-264-10,OPMD,train,3264,2448,0.15698,2,1,0,1
N-265-01,OPMD,train,3264,2448,0.5705,1,0,0,0
N-265-02,OPMD,train,3264,2448,0.74126,1,0,0,0
N-265-03,OPMD,train,3264,2448,0.71215,1,0,0,0
N-265-04,OPMD,train,3264,2448,0.5359,1,0,0,0
N-265-05,OPMD,train,3264,2448,0.71837,1,0,0,0
N-265-06,OPMD,train,3264,2448,0.54105,1,0,0,0
N-265-07,OPMD,train,3264,2448,0.55311,1,0,0,0
N-265-08,OPMD,train,2448,3264,0.56618,1,0,0,0
N-265-09,OPMD,train,3264,2448,0.45096,1,0,0,0
N-265-10,OPMD,train,3264,2448,0.29234,1,0,0,0
N-265-11,OPMD,train,3264,2448,0.43848,2,0,0,0
N-265-12,OPMD,train,3264,2448,0.4519,1,0,0,0
N-266-01,OPMD,train,2448,3264,0.59137,1,0,0,0
N-266-02,OPMD,train,3264,2448,0.67128,2,0,0,0
N-266-03,OPMD,train,3264,2448,0.68834,2,0,0,0
N-266-04,OPMD,train,3264,2448,0.65832,3,0,0,0
N-266-05,OPMD,train,3264,2448,0.63563,2,0,0,0
N-266-06,OPMD,train,3264,2448,0.51622,2,0,0,0
N-266-07,OPMD,train,3264,2448,0.6651,1,0,0,0
N-267-01,OPMD,test,3264,2448,0.71919,2,0,0,0
N-267-02,OPMD,test,2448,3264,0.30409,4,0,0,0
N-267-03,OPMD,test,2448,3264,0.38295,4,0,0,0
N-267-04,OPMD,test,3264,2448,0.74857,1,0,0,0
N-268-01,OPMD,train,3264,2448,0.85233,1,0,0,0
N-268-02,OPMD,train,3264,2448,0.8922,1,0,0,0
N-268-03,Benign,train,3264,2448,0.79569,1,0,0,0
N-268-04,Benign,train,3264,2448,0.90823,1,0,0,0
N-268-05,Benign,train,3264,2448,0.48069,1,0,0,0
N-268-06,Benign,train,3264,2448,0.60486,3,0,0,0
N-268-07,Benign,train,3264,2448,0.45031,3,0,0,0
N-268-08,Benign,train,2448,3264,0.44284,3,0,0,0
N-268-09,Benign,train,2448,3264,0.46989,3,0,0,0
N-269-01,OPMD,train,2448,3264,0.13915,2,1,0,1
N-269-02,OPMD,train,3264,2448,0.55623,1,0,0,0
N-269-03,OPMD,train,3264,2448,0.42018,1,0,0,0
N-269-04,Healthy,train,3264,2448,0.51643,0,0,0,0
N-269-05,OPMD,train,3264,2448,0.44757,2,0,0,0
N-269-06,OPMD,train,3264,2448,0.57535,2,0,0,0
N-269-07,OPMD,train,2448,3264,0.45962,1,0,0,0
N-269-08,Healthy,train,2448,3264,0.32899,0,0,0,0
N-269-09,OPMD,train,2448,3264,0.21848,2,1,0,1
N-270-01,OPMD,train,3264,2448,0.70889,1,0,0,0
N-270-02,OPMD,train,3264,2448,0.66063,1,0,0,0
N-270-03,OPMD,train,3264,2448,0.64922,3,0,0,0
N-270-04,OPMD,train,3264,2448,0.82539,1,0,0,0
N-270-05,OPMD,train,3264,2448,0.74856,1,0,0,0
N-270-06,OPMD,train,3264,2448,0.66936,1,0,0,0
N-270-07,OPMD,train,3264,2448,0.69003,1,0,0,0
N-270-08,OPMD,train,3264,2448,0.61513,1,0,0,0
N-270-09,OPMD,train,3264,2448,0.77996,1,0,0,0
N-270-10,OPMD,train,3264,2448,0.83627,1,0,0,0
N-270-11,OPMD,train,3264,2448,0.70365,1,0,0,0
N-270-12,OPMD,train,2448,3264,0.66412,1,0,0,0
N-270-13,OPMD,train,2448,3264,0.56988,1,0,0,0
N-270-14,OPMD,train,3264,2448,0.5856,2,0,0,0
N-270-15,OPMD,train,3264,2448,0.24111,2,1,0,1
N-270-16,OPMD,train,3264,2448,0.32232,1,0,0,0
N-270-17,OPMD,train,3264,2448,0.29827,1,0,0,0
N-270-18,OPMD,train,3264,2448,0.24741,1,0,0,0
N-271-01,Healthy,train,2448,3264,0.41141,0,0,0,0
N-271-02,Healthy,train,3264,2448,0.75728,0,0,0,0
N-271-03,Healthy,train,3264,2448,0.73023,0,0,0,0
N-271-04,Healthy,train,3264,2448,0.63233,0,0,0,0
N-271-05,Healthy,train,3264,2448,0.59713,0,0,0,0
N-271-06,Healthy,train,3264,2448,0.61697,0,0,0,0
N-271-07,Healthy,train,3264,2448,0.435,0,0,0,0
N-271-08,Healthy,train,2448,3264,0.81135,0,0,0,0
N-272-01,OPMD,train,3264,2448,0.16939,1,1,0,1
N-272-02,OPMD,train,3264,2448,0.69117,1,0,0,0
N-272-03,OPMD,train,3264,2448,0.7378,1,0,0,0
N-272-04,OPMD,train,3264,2448,0.59018,1,0,0,0
N-272-05,OPMD,train,3264,2448,0.50207,1,0,0,0
N-272-06,OPMD,train,3264,2448,0.45965,1,0,0,0
N-272-07,OPMD,train,3264,2448,0.51467,1,0,0,0
N-272-08,OPMD,train,3264,2448,0.7201,1,0,0,0
N-272-09,OPMD,train,3264,2448,0.51547,1,0,0,0
N-272-10,OPMD,train,3264,2448,0.6498,1,0,0,0
N-272-11,OPMD,train,2448,3264,0.37918,1,0,0,0
N-272-12,OPMD,train,3264,2448,0.49564,1,0,0,0
N-272-13,OPMD,train,3264,2448,0.29074,1,0,0,0
N-273-01,Benign,train,2448,3264,0.33166,1,0,0,0
N-273-02,Benign,train,2448,3264,0.10538,1,1,0,0
N-274-01,OPMD,train,3264,2448,0.38061,1,0,0,0
N-274-02,OPMD,train,3264,2448,0.49745,1,0,0,0
N-274-03,OPMD,train,3264,2448,0.41006,1,0,0,0
N-274-04,OPMD,train,3264,2448,0.38649,1,0,0,0
N-274-05,OPMD,train,3264,2448,0.44833,1,0,0,0
N-274-06,OPMD,train,3264,2448,0.61049,1,0,0,0
N-274-07,OPMD,train,2448,3264,0.59163,1,0,0,0
N-274-08,OPMD,train,3264,2448,0.16064,1,1,0,1
N-274-09,OPMD,train,3264,2448,0.2687,1,0,0,0
N-274-10,OPMD,train,3264,2448,0.37678,1,0,0,0
N-275-01,OPMD,train,2448,3264,0.47799,2,0,0,0
N-275-02,OPMD,train,3264,2448,0.52436,1,0,0,0
N-275-03,OPMD,train,3264,2448,0.61463,3,0,0,0
N-275-04,OPMD,train,3264,2448,0.64649,3,0,0,0
N-275-05,OPMD,train,3264,2448,0.55143,2,0,0,0
N-275-06,OPMD,train,3264,2448,0.63017,1,0,0,0
N-276-01,Healthy,train,3264,2448,0.20103,0,1,0,0
N-276-02,Benign,train,3264,2448,0.29156,1,0,0,0
N-276-03,Benign,train,3264,2448,0.53942,2,0,0,0
N-276-04,Benign,train,3264,2448,0.48836,1,0,0,0
N-276-05,Healthy,train,3264,2448,0.39538,0,0,0,0
N-276-06,Healthy,train,3264,2448,0.44431,0,0,0,0
N-276-07,Healthy,train,3264,2448,0.24797,0,0,0,0
N-276-08,Healthy,train,3264,2448,0.39393,0,0,0,0
N-276-09,Healthy,train,3264,2448,0.15544,0,1,0,0
N-277-01,Benign,train,3264,2448,0.25648,1,0,0,0
N-277-02,Benign,train,3264,2448,0.32232,5,0,0,0
N-277-03,Benign,train,3264,2448,0.5022,8,0,0,0
N-277-04,Benign,train,3264,2448,0.31272,4,0,0,0
N-277-05,Benign,train,3264,2448,0.47143,3,0,0,0
N-277-06,Benign,train,3264,2448,0.62924,4,0,0,0
N-277-07,Benign,train,3264,2448,0.71689,4,0,0,0
N-277-08,Benign,train,3264,2448,0.64742,4,0,0,0
N-277-09,Benign,train,3264,2448,0.83833,4,0,0,0
N-277-10,Benign,train,3264,2448,0.78396,6,0,0,0
N-277-11,Benign,train,3264,2448,0.59136,6,0,0,0
N-277-12,Benign,train,2448,3264,0.5217,2,0,0,0
N-277-13,Benign,train,2448,3264,0.54172,2,0,0,0
N-277-14,Benign,train,2448,3264,0.80088,5,0,0,0
N-277-15,Benign,train,3264,2448,0.21174,2,1,0,0
N-278-01,OPMD,train,3264,2448,0.74519,1,0,0,0
N-278-02,OPMD,train,3264,2448,0.63041,2,0,0,0
N-278-03,OPMD,train,3264,2448,0.47903,2,0,0,0
N-278-04,OPMD,train,3264,2448,0.71213,1,0,0,0
N-278-05,OPMD,train,3264,2448,0.64024,3,0,0,0
N-278-06,OPMD,train,3264,2448,0.62298,2,0,0,0
N-278-07,OPMD,train,3264,2448,0.54357,1,0,0,0
N-278-08,OPMD,train,3264,2448,0.26994,1,0,0,0
N-278-09,OPMD,train,3264,2448,0.24202,1,1,0,1
N-278-10,OPMD,train,3264,2448,0.24955,2,0,0,0
N-279-01,OPMD,train,3264,2448,0.64949,1,0,0,0
N-279-02,OPMD,train,3264,2448,0.46966,1,0,0,0
N-279-03,OPMD,train,3264,2448,0.43402,1,0,0,0
N-279-04,OPMD,train,3264,2448,0.37244,2,0,0,0
N-279-05,OPMD,train,3264,2448,0.3916,1,0,0,0
N-279-06,OPMD,train,3264,2448,0.26351,1,0,0,0
N-279-07,OPMD,train,3264,2448,0.63083,1,0,0,0
N-279-08,OPMD,train,3264,2448,0.42869,2,0,0,0
N-279-09,OPMD,train,3264,2448,0.10167,1,1,0,1
N-280-01,Healthy,train,2448,3264,0.49311,0,0,0,0
N-280-02,OPMD,train,3264,2448,0.42093,2,0,0,0
N-280-03,OPMD,train,3264,2448,0.68087,3,0,0,0
N-280-04,OPMD,train,3264,2448,0.56042,3,0,0,0
N-280-05,OPMD,train,3264,2448,0.63575,3,0,0,0
N-280-06,OPMD,train,3264,2448,0.36781,2,0,0,0
N-280-07,OPMD,train,3264,2448,0.39748,2,0,0,0
N-280-08,OPMD,train,3264,2448,0.54177,1,0,0,0
N-280-09,OPMD,train,3264,2448,0.21137,1,1,0,1
N-280-10,OPMD,train,3264,2448,0.7243,1,0,0,0
N-281-01,Benign,test,3264,2448,0.19437,1,1,0,0
N-281-02,Benign,test,3264,2448,0.22619,1,1,0,0
N-291-01,Benign,train,3264,2448,0.22545,1,1,0,0
N-291-02,Benign,train,3264,2448,0.75559,2,0,0,0
N-291-03,Benign,train,3264,2448,0.50931,2,0,0,0
N-291-04,Benign,train,3264,2448,0.73892,1,0,0,0
N-291-05,Benign,train,3264,2448,0.47204,1,0,0,0
N-291-06,Benign,train,3264,2448,0.75765,1,0,0,0
N-291-07,Healthy,train,2448,3264,0.51534,0,0,0,0
N-291-08,Benign,train,3264,2448,0.43459,2,0,0,0
N-291-09,Benign,train,3264,2448,0.22913,2,1,0,0
N-291-10,Benign,train,3264,2448,0.42786,1,0,0,0
N-292-01,OCA,val,3264,2448,0.34003,1,0,0,0
N-292-02,OCA,val,3264,2448,0.37185,1,0,0,0
N-292-03,OCA,val,3264,2448,0.26577,1,0,0,0
N-296-01,OCA,train,3264,2448,0.21464,1,1,0,1
N-296-02,OCA,train,3264,2448,0.46518,1,0,0,0
N-296-03,OCA,train,3264,2448,0.48606,1,0,0,0
N-296-04,OCA,train,3264,2448,0.61855,1,0,0,0
N-296-05,OCA,train,3264,2448,0.58186,1,0,0,0
N-296-06,OCA,train,3264,2448,0.53737,1,0,0,0
N-296-07,OCA,train,3264,2448,0.53156,1,0,0,0
N-296-08,OCA,train,3264,2448,0.61943,1,0,0,0
N-299-01,Healthy,train,2448,3264,0.30312,0,0,0,0
N-299-02,Benign,train,2448,3264,0.3476,1,0,0,0
N-299-03,Benign,train,3264,2448,0.44517,1,0,0,0
N-299-04,Benign,train,3264,2448,0.45769,1,0,0,0
N-299-05,Benign,train,3264,2448,0.49346,1,0,0,0
N-299-06,Benign,train,3264,2448,0.63949,1,0,0,0
N-302-01,Healthy,train,2448,3264,0.22697,0,1,0,0
N-302-02,OCA,train,3264,2448,0.69703,1,0,0,0
N-302-03,OCA,train,3264,2448,0.62446,1,0,0,0
N-302-04,OCA,train,3264,2448,0.38822,1,0,0,0
N-302-05,OCA,train,3264,2448,0.88509,1,0,0,0
N-302-06,OCA,train,3264,2448,0.85924,1,0,0,0
N-302-07,Healthy,train,3264,2448,0.68887,0,0,0,0
N-302-08,Healthy,train,3264,2448,0.39826,0,0,0,0
N-303-01,Benign,train,2448,3264,0.16872,1,1,0,0
N-303-02,Benign,train,3264,2448,0.45707,1,0,0,0
N-303-03,Benign,train,3264,2448,0.56736,1,0,0,0
N-303-04,Benign,train,3264,2448,0.39637,1,0,0,0
N-303-05,Benign,train,3264,2448,0.42176,1,0,0,0
N-303-06,Benign,train,3264,2448,0.31856,1,0,0,0
N-303-07,Healthy,train,3264,2448,0.42105,0,0,0,0
N-305-01,Benign,train,3264,2448,0.35212,1,0,0,0
N-305-02,Benign,train,3264,2448,0.43693,3,0,0,0
N-305-03,Benign,train,3264,2448,0.50434,2,0,0,0
N-305-04,Benign,train,3264,2448,0.39817,1,0,0,0
N-305-05,Benign,train,3264,2448,0.63836,2,0,0,0
N-305-06,Benign,train,3264,2448,0.6778,2,0,0,0
N-305-07,Benign,train,3264,2448,0.72662,2,0,0,0
N-305-08,Benign,train,3264,2448,0.34321,1,0,0,0
N-305-09,Benign,train,3264,2448,0.29003,1,0,0,0
N-342-03,OCA,val,4000,3000,0.38165,1,0,0,0
N-342-05,OCA,val,4000,3000,0.39184,1,0,0,0
N-350-01,Benign,train,4000,3000,0.55195,1,0,0,0
N-350-02,Benign,train,4000,3000,0.66885,1,0,0,0
N-350-03,Benign,train,4000,3000,0.6388,1,0,0,0
N-350-04,Benign,train,4000,3000,0.80769,1,0,0,0
N-350-05,Healthy,train,3000,4000,0.55523,0,0,0,0
N-350-07,Benign,train,4000,3000,0.6717,1,0,0,0
N-351-01,Healthy,train,4000,3000,0.74291,0,0,0,0
N-351-03,Healthy,train,3000,4000,0.36463,0,0,0,0
N-351-04,Healthy,train,4000,3000,0.59734,0,0,0,0
N-351-05,Healthy,train,4000,3000,0.72495,0,0,0,0
N-351-06,Healthy,train,4000,3000,0.74149,0,0,0,0
N-351-07,Healthy,train,4000,3000,0.70327,0,0,0,0
N-351-08,Healthy,train,4000,3000,0.81686,0,0,0,0
N-352-01,OCA,train,3000,4000,0.29774,1,0,0,0
N-352-02,OCA,train,4000,3000,0.42329,1,0,0,0
N-352-03,OCA,train,4000,3000,0.43808,1,0,0,0
N-352-04,OCA,train,4000,3000,0.31641,1,0,0,0
N-352-05,OCA,train,3000,4000,0.37085,1,0,0,0
N-353-01,OCA,train,4000,3000,0.64141,1,0,0,0
N-353-02,OCA,train,4000,3000,0.28373,1,0,0,0
N-353-03,OCA,train,4000,3000,0.43416,1,0,0,0
N-353-04,OCA,train,4000,3000,0.33858,1,0,0,0
N-353-05,OCA,train,4000,3000,0.20646,1,1,0,1
N-353-06,OCA,train,3000,4000,0.4937,1,0,0,0
N-353-07,OCA,train,4000,3000,0.66935,1,0,0,0
N-353-08,OCA,train,4000,3000,0.58651,1,0,0,0
N-354-01,Healthy,train,3000,4000,0.64487,0,0,0,0
N-354-02,OPMD,train,4000,3000,0.15877,1,1,0,1
N-354-03,OPMD,train,4000,3000,0.195,1,1,0,1
N-354-04,OPMD,train,4000,3000,0.44008,1,0,0,0
N-354-05,OPMD,train,4000,3000,0.36028,1,0,0,0
N-354-06,OPMD,train,4000,3000,0.35545,1,0,0,0
N-354-07,OPMD,train,4000,3000,0.80874,1,0,0,0
N-354-08,OPMD,train,4000,3000,0.55079,1,0,0,0
N-354-09,OPMD,train,4000,3000,0.66429,2,0,0,0
N-354-10,OPMD,train,4000,3000,0.70349,4,0,0,0
N-355-01,OPMD,train,2560,1920,0.33897,1,0,0,0
N-355-03,OPMD,train,4000,3000,0.51739,1,0,0,0
N-355-04,OPMD,train,4000,3000,0.68991,1,0,0,0
N-355-05,OPMD,train,4000,3000,0.41917,2,0,0,0
N-355-06,OPMD,train,4000,3000,0.93075,1,0,0,0
N-355-07,OPMD,train,4000,3000,0.70994,1,0,0,0
N-355-08,OPMD,train,4000,3000,0.77562,1,0,0,0
N-355-09,OPMD,train,4000,3000,0.53367,1,0,0,0
N-355-10,OPMD,train,3000,4000,0.30496,1,0,0,0
N-355-11,OPMD,train,3000,4000,0.41219,3,0,0,0
N-355-12,OPMD,train,2560,1920,0.10046,1,1,0,1
N-355-13,OPMD,train,2560,1920,0.19247,1,1,0,1
N-355-14,OPMD,train,2560,1920,0.25794,1,0,0,0
N-356-01,Benign,train,4000,3000,0.45352,1,0,0,0
N-356-02,Benign,train,3000,4000,0.5267,1,0,0,0
N-356-03,Benign,train,3000,4000,0.3222,1,0,0,0
N-356-04,Benign,train,3000,4000,0.56055,1,0,0,0
N-356-05,Benign,train,4000,3000,0.34766,1,0,0,0
N-356-06,Benign,train,4000,3000,0.45987,1,0,0,0
N-356-07,Benign,train,4000,3000,0.28542,1,0,0,0
N-356-08,Benign,train,4000,3000,0.42995,1,0,0,0
N-356-09,Benign,train,4000,3000,0.49051,1,0,0,0
N-356-10,Benign,train,4000,3000,0.58056,1,0,0,0
N-357-01,OPMD,train,4000,3000,0.40259,1,0,0,0
N-357-02,OPMD,train,3000,4000,0.26513,1,0,0,0
N-357-03,OPMD,train,3000,4000,0.29525,1,0,0,0
N-357-04,OPMD,train,3000,4000,0.2713,1,0,0,0
N-357-05,OPMD,train,4000,3000,0.83809,1,0,0,0
N-357-06,OPMD,train,4000,3000,0.46732,1,0,0,0
N-357-07,OPMD,train,4000,3000,0.539,2,0,0,0
N-357-08,OPMD,train,4000,3000,0.53477,1,0,0,0
N-358-01,OCA,train,4000,3000,0.49759,1,0,0,0
N-358-02,OCA,train,3000,4000,0.29814,1,0,0,0
N-358-03,OCA,train,4000,3000,0.34438,1,0,0,0
N-358-04,OCA,train,4000,3000,0.27506,1,0,0,0
N-358-05,OCA,train,4000,3000,0.55541,1,0,0,0
N-358-06,OCA,train,4000,3000,0.44838,1,0,0,0
N-358-08,OCA,train,4000,3000,0.24028,1,1,0,1
N-358-09,OCA,train,4000,3000,0.85692,1,0,0,0
N-358-10,OCA,train,4000,3000,0.66384,1,0,0,0
N-358-11,OCA,train,4000,3000,0.56377,1,0,0,0
N-359-01,OPMD,train,4000,3000,0.68574,2,0,0,0
N-359-02,OPMD,train,3000,4000,0.61486,1,0,0,0
N-359-03,OPMD,train,4000,3000,0.72733,1,0,0,0
N-359-04,OPMD,train,4000,3000,0.68636,1,0,0,0
N-359-05,OPMD,train,4000,3000,0.75931,1,0,0,0
N-359-06,OPMD,train,4000,3000,0.78197,1,0,0,0
N-359-07,OPMD,train,4000,3000,0.70291,1,0,0,0
N-359-08,OPMD,train,4000,3000,0.77643,1,0,0,0
N-359-09,Benign,train,4000,3000,0.50232,1,0,0,0
